# FileDataID;path — used by extract.py --ranger to rename exported files.
# Names only. No artwork here.
7139245;interface/worldmap/hyjal_camelot/hyjal_camelot1.blp
7139246;interface/worldmap/hyjal_camelot/hyjal_camelot10.blp
7139247;interface/worldmap/hyjal_camelot/hyjal_camelot11.blp
7139248;interface/worldmap/hyjal_camelot/hyjal_camelot12.blp
7139249;interface/worldmap/hyjal_camelot/hyjal_camelot2.blp
7139250;interface/worldmap/hyjal_camelot/hyjal_camelot3.blp
7139251;interface/worldmap/hyjal_camelot/hyjal_camelot4.blp
7139252;interface/worldmap/hyjal_camelot/hyjal_camelot5.blp
7139253;interface/worldmap/hyjal_camelot/hyjal_camelot6.blp
7139254;interface/worldmap/hyjal_camelot/hyjal_camelot7.blp
7139255;interface/worldmap/hyjal_camelot/hyjal_camelot8.blp
7139256;interface/worldmap/hyjal_camelot/hyjal_camelot9.blp
7317231;interface/worldmap/zephrasisle/zephrasisle1.blp
7317232;interface/worldmap/zephrasisle/zephrasisle10.blp
7317233;interface/worldmap/zephrasisle/zephrasisle11.blp
7317234;interface/worldmap/zephrasisle/zephrasisle12.blp
7317235;interface/worldmap/zephrasisle/zephrasisle2.blp
7317236;interface/worldmap/zephrasisle/zephrasisle3.blp
7317237;interface/worldmap/zephrasisle/zephrasisle4.blp
7317238;interface/worldmap/zephrasisle/zephrasisle5.blp
7317239;interface/worldmap/zephrasisle/zephrasisle6.blp
7317240;interface/worldmap/zephrasisle/zephrasisle7.blp
7317241;interface/worldmap/zephrasisle/zephrasisle8.blp
7317242;interface/worldmap/zephrasisle/zephrasisle9.blp
7429664;interface/worldmap/riverlands/riverlands1.blp
7429665;interface/worldmap/riverlands/riverlands10.blp
7429666;interface/worldmap/riverlands/riverlands100.blp
7429667;interface/worldmap/riverlands/riverlands101.blp
7429668;interface/worldmap/riverlands/riverlands102.blp
7429669;interface/worldmap/riverlands/riverlands103.blp
7429670;interface/worldmap/riverlands/riverlands104.blp
7429671;interface/worldmap/riverlands/riverlands105.blp
7429672;interface/worldmap/riverlands/riverlands106.blp
7429673;interface/worldmap/riverlands/riverlands107.blp
7429674;interface/worldmap/riverlands/riverlands108.blp
7429675;interface/worldmap/riverlands/riverlands109.blp
7429676;interface/worldmap/riverlands/riverlands11.blp
7429677;interface/worldmap/riverlands/riverlands110.blp
7429678;interface/worldmap/riverlands/riverlands111.blp
7429679;interface/worldmap/riverlands/riverlands112.blp
7429680;interface/worldmap/riverlands/riverlands113.blp
7429681;interface/worldmap/riverlands/riverlands114.blp
7429682;interface/worldmap/riverlands/riverlands115.blp
7429683;interface/worldmap/riverlands/riverlands116.blp
7429684;interface/worldmap/riverlands/riverlands117.blp
7429685;interface/worldmap/riverlands/riverlands118.blp
7429688;interface/worldmap/riverlands/riverlands119.blp
7429693;interface/worldmap/riverlands/riverlands12.blp
7429694;interface/worldmap/riverlands/riverlands120.blp
7429695;interface/worldmap/riverlands/riverlands121.blp
7429696;interface/worldmap/riverlands/riverlands122.blp
7429697;interface/worldmap/riverlands/riverlands123.blp
7429698;interface/worldmap/riverlands/riverlands124.blp
7429699;interface/worldmap/riverlands/riverlands125.blp
7429700;interface/worldmap/riverlands/riverlands126.blp
7429701;interface/worldmap/riverlands/riverlands127.blp
7429702;interface/worldmap/riverlands/riverlands128.blp
7429703;interface/worldmap/riverlands/riverlands129.blp
7429704;interface/worldmap/riverlands/riverlands13.blp
7429705;interface/worldmap/riverlands/riverlands130.blp
7429706;interface/worldmap/riverlands/riverlands131.blp
7429707;interface/worldmap/riverlands/riverlands132.blp
7429708;interface/worldmap/riverlands/riverlands133.blp
7429709;interface/worldmap/riverlands/riverlands134.blp
7429710;interface/worldmap/riverlands/riverlands135.blp
7429711;interface/worldmap/riverlands/riverlands136.blp
7429712;interface/worldmap/riverlands/riverlands137.blp
7429713;interface/worldmap/riverlands/riverlands138.blp
7429714;interface/worldmap/riverlands/riverlands139.blp
7429715;interface/worldmap/riverlands/riverlands14.blp
7429716;interface/worldmap/riverlands/riverlands140.blp
7429717;interface/worldmap/riverlands/riverlands141.blp
7429718;interface/worldmap/riverlands/riverlands142.blp
7429719;interface/worldmap/riverlands/riverlands143.blp
7429720;interface/worldmap/riverlands/riverlands144.blp
7429721;interface/worldmap/riverlands/riverlands145.blp
7429722;interface/worldmap/riverlands/riverlands146.blp
7429723;interface/worldmap/riverlands/riverlands147.blp
7429724;interface/worldmap/riverlands/riverlands148.blp
7429725;interface/worldmap/riverlands/riverlands149.blp
7429726;interface/worldmap/riverlands/riverlands15.blp
7429727;interface/worldmap/riverlands/riverlands150.blp
7429728;interface/worldmap/riverlands/riverlands16.blp
7429729;interface/worldmap/riverlands/riverlands17.blp
7429730;interface/worldmap/riverlands/riverlands18.blp
7429731;interface/worldmap/riverlands/riverlands19.blp
7429732;interface/worldmap/riverlands/riverlands2.blp
7429733;interface/worldmap/riverlands/riverlands20.blp
7429734;interface/worldmap/riverlands/riverlands21.blp
7429735;interface/worldmap/riverlands/riverlands22.blp
7429736;interface/worldmap/riverlands/riverlands23.blp
7429737;interface/worldmap/riverlands/riverlands24.blp
7429738;interface/worldmap/riverlands/riverlands25.blp
7429739;interface/worldmap/riverlands/riverlands26.blp
7429740;interface/worldmap/riverlands/riverlands27.blp
7429741;interface/worldmap/riverlands/riverlands28.blp
7429742;interface/worldmap/riverlands/riverlands29.blp
7429743;interface/worldmap/riverlands/riverlands3.blp
7429744;interface/worldmap/riverlands/riverlands30.blp
7429745;interface/worldmap/riverlands/riverlands31.blp
7429746;interface/worldmap/riverlands/riverlands32.blp
7429747;interface/worldmap/riverlands/riverlands33.blp
7429748;interface/worldmap/riverlands/riverlands34.blp
7429749;interface/worldmap/riverlands/riverlands35.blp
7429750;interface/worldmap/riverlands/riverlands36.blp
7429751;interface/worldmap/riverlands/riverlands37.blp
7429752;interface/worldmap/riverlands/riverlands38.blp
7429753;interface/worldmap/riverlands/riverlands39.blp
7429754;interface/worldmap/riverlands/riverlands4.blp
7429755;interface/worldmap/riverlands/riverlands40.blp
7429756;interface/worldmap/riverlands/riverlands41.blp
7429757;interface/worldmap/riverlands/riverlands42.blp
7429758;interface/worldmap/riverlands/riverlands43.blp
7429759;interface/worldmap/riverlands/riverlands44.blp
7429760;interface/worldmap/riverlands/riverlands45.blp
7429761;interface/worldmap/riverlands/riverlands46.blp
7429762;interface/worldmap/riverlands/riverlands47.blp
7429763;interface/worldmap/riverlands/riverlands48.blp
7429764;interface/worldmap/riverlands/riverlands49.blp
7429765;interface/worldmap/riverlands/riverlands5.blp
7429766;interface/worldmap/riverlands/riverlands50.blp
7429767;interface/worldmap/riverlands/riverlands51.blp
7429768;interface/worldmap/riverlands/riverlands52.blp
7429769;interface/worldmap/riverlands/riverlands53.blp
7429770;interface/worldmap/riverlands/riverlands54.blp
7429771;interface/worldmap/riverlands/riverlands55.blp
7429772;interface/worldmap/riverlands/riverlands56.blp
7429773;interface/worldmap/riverlands/riverlands57.blp
7429774;interface/worldmap/riverlands/riverlands58.blp
7429775;interface/worldmap/riverlands/riverlands59.blp
7429776;interface/worldmap/riverlands/riverlands6.blp
7429777;interface/worldmap/riverlands/riverlands60.blp
7429778;interface/worldmap/riverlands/riverlands61.blp
7429779;interface/worldmap/riverlands/riverlands62.blp
7429780;interface/worldmap/riverlands/riverlands63.blp
7429781;interface/worldmap/riverlands/riverlands64.blp
7429782;interface/worldmap/riverlands/riverlands65.blp
7429783;interface/worldmap/riverlands/riverlands66.blp
7429784;interface/worldmap/riverlands/riverlands67.blp
7429785;interface/worldmap/riverlands/riverlands68.blp
7429786;interface/worldmap/riverlands/riverlands69.blp
7429787;interface/worldmap/riverlands/riverlands7.blp
7429788;interface/worldmap/riverlands/riverlands70.blp
7429789;interface/worldmap/riverlands/riverlands71.blp
7429790;interface/worldmap/riverlands/riverlands72.blp
7429791;interface/worldmap/riverlands/riverlands73.blp
7429792;interface/worldmap/riverlands/riverlands74.blp
7429793;interface/worldmap/riverlands/riverlands75.blp
7429794;interface/worldmap/riverlands/riverlands76.blp
7429795;interface/worldmap/riverlands/riverlands77.blp
7429796;interface/worldmap/riverlands/riverlands78.blp
7429797;interface/worldmap/riverlands/riverlands79.blp
7429798;interface/worldmap/riverlands/riverlands8.blp
7429799;interface/worldmap/riverlands/riverlands80.blp
7429800;interface/worldmap/riverlands/riverlands81.blp
7429801;interface/worldmap/riverlands/riverlands82.blp
7429802;interface/worldmap/riverlands/riverlands83.blp
7429803;interface/worldmap/riverlands/riverlands84.blp
7429804;interface/worldmap/riverlands/riverlands85.blp
7429805;interface/worldmap/riverlands/riverlands86.blp
7429806;interface/worldmap/riverlands/riverlands87.blp
7429807;interface/worldmap/riverlands/riverlands88.blp
7429808;interface/worldmap/riverlands/riverlands89.blp
7429809;interface/worldmap/riverlands/riverlands9.blp
7429810;interface/worldmap/riverlands/riverlands90.blp
7429811;interface/worldmap/riverlands/riverlands91.blp
7429812;interface/worldmap/riverlands/riverlands92.blp
7429813;interface/worldmap/riverlands/riverlands93.blp
7429814;interface/worldmap/riverlands/riverlands94.blp
7429815;interface/worldmap/riverlands/riverlands95.blp
7429816;interface/worldmap/riverlands/riverlands96.blp
7429817;interface/worldmap/riverlands/riverlands97.blp
7429818;interface/worldmap/riverlands/riverlands98.blp
7429819;interface/worldmap/riverlands/riverlands99.blp
7745821;interface/worldmap/darkspearisland/darkspearisland1.blp
7745822;interface/worldmap/darkspearisland/darkspearisland10.blp
7745823;interface/worldmap/darkspearisland/darkspearisland11.blp
7745824;interface/worldmap/darkspearisland/darkspearisland12.blp
7745825;interface/worldmap/darkspearisland/darkspearisland2.blp
7745826;interface/worldmap/darkspearisland/darkspearisland3.blp
7745827;interface/worldmap/darkspearisland/darkspearisland4.blp
7745828;interface/worldmap/darkspearisland/darkspearisland5.blp
7745829;interface/worldmap/darkspearisland/darkspearisland6.blp
7745830;interface/worldmap/darkspearisland/darkspearisland7.blp
7745831;interface/worldmap/darkspearisland/darkspearisland8.blp
7745832;interface/worldmap/darkspearisland/darkspearisland9.blp
7902969;interface/worldmap/mulgore_c60/mulgore_c60_1.blp
7902970;interface/worldmap/mulgore_c60/mulgore_c60_10.blp
7902971;interface/worldmap/mulgore_c60/mulgore_c60_11.blp
7902972;interface/worldmap/mulgore_c60/mulgore_c60_12.blp
7902973;interface/worldmap/mulgore_c60/mulgore_c60_2.blp
7902974;interface/worldmap/mulgore_c60/mulgore_c60_3.blp
7902975;interface/worldmap/mulgore_c60/mulgore_c60_4.blp
7902976;interface/worldmap/mulgore_c60/mulgore_c60_5.blp
7902977;interface/worldmap/mulgore_c60/mulgore_c60_6.blp
7902978;interface/worldmap/mulgore_c60/mulgore_c60_7.blp
7902979;interface/worldmap/mulgore_c60/mulgore_c60_8.blp
7902980;interface/worldmap/mulgore_c60/mulgore_c60_9.blp
7938904;interface/worldmap/badlands_c60/agmond's end1.blp
7938905;interface/worldmap/badlands_c60/agmond's end2.blp
7938906;interface/worldmap/badlands_c60/agmond's end3.blp
7938907;interface/worldmap/badlands_c60/agmond's end4.blp
7938908;interface/worldmap/badlands_c60/angor fortress1.blp
7938909;interface/worldmap/badlands_c60/apocryphan's rest1.blp
7938910;interface/worldmap/badlands_c60/badlands_c60_1.blp
7938911;interface/worldmap/badlands_c60/badlands_c60_10.blp
7938912;interface/worldmap/badlands_c60/badlands_c60_11.blp
7938913;interface/worldmap/badlands_c60/badlands_c60_12.blp
7938914;interface/worldmap/badlands_c60/badlands_c60_2.blp
7938915;interface/worldmap/badlands_c60/badlands_c60_3.blp
7938916;interface/worldmap/badlands_c60/badlands_c60_4.blp
7938917;interface/worldmap/badlands_c60/badlands_c60_5.blp
7938918;interface/worldmap/badlands_c60/badlands_c60_6.blp
7938919;interface/worldmap/badlands_c60/badlands_c60_7.blp
7938920;interface/worldmap/badlands_c60/badlands_c60_8.blp
7938921;interface/worldmap/badlands_c60/badlands_c60_9.blp
7938922;interface/worldmap/badlands_c60/camp boff1.blp
7938923;interface/worldmap/badlands_c60/camp boff2.blp
7938924;interface/worldmap/badlands_c60/camp cagg1.blp
7938925;interface/worldmap/badlands_c60/camp kosh1.blp
7938926;interface/worldmap/badlands_c60/dustwind gulch1.blp
7938927;interface/worldmap/badlands_c60/hammertoe's digsite1.blp
7938928;interface/worldmap/badlands_c60/kargath1.blp
7938929;interface/worldmap/badlands_c60/lethlor ravine1.blp
7938930;interface/worldmap/badlands_c60/lethlor ravine2.blp
7938931;interface/worldmap/badlands_c60/lethlor ravine3.blp
7938932;interface/worldmap/badlands_c60/lethlor ravine4.blp
7938933;interface/worldmap/badlands_c60/mirage flats1.blp
7938934;interface/worldmap/badlands_c60/mirage flats2.blp
7938935;interface/worldmap/badlands_c60/the dustbowl1.blp
7938936;interface/worldmap/badlands_c60/the dustbowl2.blp
7938937;interface/worldmap/badlands_c60/the dustbowl3.blp
7938938;interface/worldmap/badlands_c60/the dustbowl4.blp
7938939;interface/worldmap/badlands_c60/the maker's terrace1.blp
7938940;interface/worldmap/badlands_c60/valley of fangs1.blp
7938944;interface/worldmap/mulgore_c60/baeldundigsite1.blp
7938945;interface/worldmap/mulgore_c60/bloodhoofvillage1.blp
7938946;interface/worldmap/mulgore_c60/palemanerock1.blp
7938947;interface/worldmap/mulgore_c60/ravagedcaravan1.blp
7938948;interface/worldmap/mulgore_c60/redcloudmesa1.blp
7938949;interface/worldmap/mulgore_c60/redcloudmesa2.blp
7938950;interface/worldmap/mulgore_c60/redrocks1.blp
7938951;interface/worldmap/mulgore_c60/skywatcher1.blp
7938952;interface/worldmap/mulgore_c60/skywatcher2.blp
7938953;interface/worldmap/mulgore_c60/thegoldenplains1.blp
7938954;interface/worldmap/mulgore_c60/therollingplains1.blp
7938955;interface/worldmap/mulgore_c60/theventurecomine1.blp
7938956;interface/worldmap/mulgore_c60/thunderbluff1.blp
7938957;interface/worldmap/mulgore_c60/thunderbluff2.blp
7938958;interface/worldmap/mulgore_c60/thunderhornwaterwell1.blp
7938959;interface/worldmap/mulgore_c60/wildmanewaterwell1.blp
7938960;interface/worldmap/mulgore_c60/windfuryridge1.blp
7938961;interface/worldmap/mulgore_c60/winterhoofwaterwell1.blp
7939140;interface/worldmap/badlands_c60/agmondsend1.blp
7939141;interface/worldmap/badlands_c60/agmondsend2.blp
7939142;interface/worldmap/badlands_c60/agmondsend3.blp
7939143;interface/worldmap/badlands_c60/agmondsend4.blp
7939144;interface/worldmap/badlands_c60/angorfortress1.blp
7939145;interface/worldmap/badlands_c60/apocryphansrest1.blp
7939146;interface/worldmap/badlands_c60/campboff1.blp
7939147;interface/worldmap/badlands_c60/campboff2.blp
7939148;interface/worldmap/badlands_c60/campcagg1.blp
7939149;interface/worldmap/badlands_c60/campkosh1.blp
7939150;interface/worldmap/badlands_c60/dustwindgulch1.blp
7939151;interface/worldmap/badlands_c60/hammertoesdigsite1.blp
7939152;interface/worldmap/badlands_c60/lethlorravine1.blp
7939153;interface/worldmap/badlands_c60/lethlorravine2.blp
7939154;interface/worldmap/badlands_c60/lethlorravine3.blp
7939155;interface/worldmap/badlands_c60/lethlorravine4.blp
7939156;interface/worldmap/badlands_c60/mirageflats1.blp
7939157;interface/worldmap/badlands_c60/mirageflats2.blp
7939158;interface/worldmap/badlands_c60/thedustbowl1.blp
7939159;interface/worldmap/badlands_c60/thedustbowl2.blp
7939160;interface/worldmap/badlands_c60/thedustbowl3.blp
7939161;interface/worldmap/badlands_c60/thedustbowl4.blp
7939162;interface/worldmap/badlands_c60/themakersterrace1.blp
7939163;interface/worldmap/badlands_c60/valleyoffangs1.blp
7939703;interface/worldmap/redridge_c60/althersmill1.blp
7939704;interface/worldmap/redridge_c60/althersmill2.blp
7939705;interface/worldmap/redridge_c60/althersmill3.blp
7939706;interface/worldmap/redridge_c60/althersmill4.blp
7939707;interface/worldmap/redridge_c60/galardellvalley1.blp
7939708;interface/worldmap/redridge_c60/galardellvalley2.blp
7939709;interface/worldmap/redridge_c60/galardellvalley3.blp
7939712;interface/worldmap/redridge_c60/galardellvalley4.blp
7939713;interface/worldmap/redridge_c60/lakeeverstill1.blp
7939715;interface/worldmap/redridge_c60/lakeeverstill2.blp
7939716;interface/worldmap/redridge_c60/lakeeverstill3.blp
7939717;interface/worldmap/redridge_c60/lakeeverstill4.blp
7939718;interface/worldmap/redridge_c60/lakeeverstill5.blp
7939719;interface/worldmap/redridge_c60/lakeeverstill6.blp
7939720;interface/worldmap/redridge_c60/lakeridgehighway1.blp
7939721;interface/worldmap/redridge_c60/lakeridgehighway2.blp
7939722;interface/worldmap/redridge_c60/lakeridgehighway3.blp
7939723;interface/worldmap/redridge_c60/lakeridgehighway4.blp
7939724;interface/worldmap/redridge_c60/lakeshire1.blp
7939725;interface/worldmap/redridge_c60/lakeshire2.blp
7939726;interface/worldmap/redridge_c60/redridgecanyons1.blp
7939727;interface/worldmap/redridge_c60/redridgecanyons2.blp
7939728;interface/worldmap/redridge_c60/redridgecanyons3.blp
7939729;interface/worldmap/redridge_c60/redridgecanyons4.blp
7939730;interface/worldmap/redridge_c60/redridge_c60_1.blp
7939731;interface/worldmap/redridge_c60/redridge_c60_10.blp
7939732;interface/worldmap/redridge_c60/redridge_c60_11.blp
7939733;interface/worldmap/redridge_c60/redridge_c60_12.blp
7939734;interface/worldmap/redridge_c60/redridge_c60_2.blp
7939735;interface/worldmap/redridge_c60/redridge_c60_3.blp
7939736;interface/worldmap/redridge_c60/redridge_c60_4.blp
7939737;interface/worldmap/redridge_c60/redridge_c60_5.blp
7939738;interface/worldmap/redridge_c60/redridge_c60_6.blp
7939739;interface/worldmap/redridge_c60/redridge_c60_7.blp
7939740;interface/worldmap/redridge_c60/redridge_c60_8.blp
7939741;interface/worldmap/redridge_c60/redridge_c60_9.blp
7939742;interface/worldmap/redridge_c60/renderscamp1.blp
7939743;interface/worldmap/redridge_c60/renderscamp2.blp
7939744;interface/worldmap/redridge_c60/renderscamp3.blp
7939745;interface/worldmap/redridge_c60/renderscamp4.blp
7939746;interface/worldmap/redridge_c60/rendersvalley1.blp
7939747;interface/worldmap/redridge_c60/rendersvalley2.blp
7939748;interface/worldmap/redridge_c60/rendersvalley3.blp
7939749;interface/worldmap/redridge_c60/rendersvalley4.blp
7939750;interface/worldmap/redridge_c60/stonewatchfalls1.blp
7939751;interface/worldmap/redridge_c60/stonewatchfalls2.blp
7939752;interface/worldmap/redridge_c60/stonewatchfalls3.blp
7939753;interface/worldmap/redridge_c60/stonewatchfalls4.blp
7939754;interface/worldmap/redridge_c60/stonewatchkeep1.blp
7939755;interface/worldmap/redridge_c60/stonewatchkeep2.blp
7939756;interface/worldmap/redridge_c60/stonewatchkeep3.blp
7939757;interface/worldmap/redridge_c60/stonewatchkeep4.blp
7939758;interface/worldmap/redridge_c60/threecorners1.blp
7939759;interface/worldmap/redridge_c60/threecorners2.blp
7939760;interface/worldmap/redridge_c60/threecorners3.blp
7939761;interface/worldmap/redridge_c60/threecorners4.blp
7941117;interface/worldmap/hyjal/hyjal100.blp
7941118;interface/worldmap/hyjal/hyjal101.blp
7941119;interface/worldmap/hyjal/hyjal102.blp
7941120;interface/worldmap/hyjal/hyjal103.blp
7941121;interface/worldmap/hyjal/hyjal104.blp
7941122;interface/worldmap/hyjal/hyjal105.blp
7941123;interface/worldmap/hyjal/hyjal106.blp
7941124;interface/worldmap/hyjal/hyjal107.blp
7941125;interface/worldmap/hyjal/hyjal108.blp
7941126;interface/worldmap/hyjal/hyjal109.blp
7941127;interface/worldmap/hyjal/hyjal110.blp
7941128;interface/worldmap/hyjal/hyjal111.blp
7941129;interface/worldmap/hyjal/hyjal112.blp
7941130;interface/worldmap/hyjal/hyjal113.blp
7941131;interface/worldmap/hyjal/hyjal114.blp
7941132;interface/worldmap/hyjal/hyjal115.blp
7941133;interface/worldmap/hyjal/hyjal116.blp
7941134;interface/worldmap/hyjal/hyjal117.blp
7941135;interface/worldmap/hyjal/hyjal118.blp
7941136;interface/worldmap/hyjal/hyjal119.blp
7941137;interface/worldmap/hyjal/hyjal120.blp
7941138;interface/worldmap/hyjal/hyjal121.blp
7941139;interface/worldmap/hyjal/hyjal122.blp
7941140;interface/worldmap/hyjal/hyjal123.blp
7941141;interface/worldmap/hyjal/hyjal124.blp
7941143;interface/worldmap/hyjal/hyjal125.blp
7941144;interface/worldmap/hyjal/hyjal126.blp
7941145;interface/worldmap/hyjal/hyjal127.blp
7941146;interface/worldmap/hyjal/hyjal128.blp
7941147;interface/worldmap/hyjal/hyjal129.blp
7941148;interface/worldmap/hyjal/hyjal13.blp
7941149;interface/worldmap/hyjal/hyjal130.blp
7941150;interface/worldmap/hyjal/hyjal131.blp
7941151;interface/worldmap/hyjal/hyjal132.blp
7941152;interface/worldmap/hyjal/hyjal133.blp
7941153;interface/worldmap/hyjal/hyjal134.blp
7941154;interface/worldmap/hyjal/hyjal135.blp
7941155;interface/worldmap/hyjal/hyjal136.blp
7941156;interface/worldmap/hyjal/hyjal137.blp
7941157;interface/worldmap/hyjal/hyjal138.blp
7941158;interface/worldmap/hyjal/hyjal139.blp
7941159;interface/worldmap/hyjal/hyjal14.blp
7941160;interface/worldmap/hyjal/hyjal140.blp
7941161;interface/worldmap/hyjal/hyjal141.blp
7941162;interface/worldmap/hyjal/hyjal142.blp
7941163;interface/worldmap/hyjal/hyjal143.blp
7941164;interface/worldmap/hyjal/hyjal144.blp
7941165;interface/worldmap/hyjal/hyjal145.blp
7941166;interface/worldmap/hyjal/hyjal146.blp
7941167;interface/worldmap/hyjal/hyjal147.blp
7941168;interface/worldmap/hyjal/hyjal148.blp
7941169;interface/worldmap/hyjal/hyjal149.blp
7941170;interface/worldmap/hyjal/hyjal15.blp
7941171;interface/worldmap/hyjal/hyjal150.blp
7941172;interface/worldmap/hyjal/hyjal16.blp
7941173;interface/worldmap/hyjal/hyjal17.blp
7941174;interface/worldmap/hyjal/hyjal18.blp
7941175;interface/worldmap/hyjal/hyjal19.blp
7941176;interface/worldmap/hyjal/hyjal20.blp
7941177;interface/worldmap/hyjal/hyjal21.blp
7941178;interface/worldmap/hyjal/hyjal22.blp
7941179;interface/worldmap/hyjal/hyjal23.blp
7941180;interface/worldmap/hyjal/hyjal24.blp
7941181;interface/worldmap/hyjal/hyjal25.blp
7941182;interface/worldmap/hyjal/hyjal26.blp
7941184;interface/worldmap/hyjal/hyjal27.blp
7941185;interface/worldmap/hyjal/hyjal28.blp
7941186;interface/worldmap/hyjal/hyjal29.blp
7941187;interface/worldmap/hyjal/hyjal30.blp
7941188;interface/worldmap/hyjal/hyjal31.blp
7941189;interface/worldmap/hyjal/hyjal32.blp
7941190;interface/worldmap/hyjal/hyjal33.blp
7941191;interface/worldmap/hyjal/hyjal34.blp
7941192;interface/worldmap/hyjal/hyjal35.blp
7941193;interface/worldmap/hyjal/hyjal36.blp
7941194;interface/worldmap/hyjal/hyjal37.blp
7941195;interface/worldmap/hyjal/hyjal38.blp
7941196;interface/worldmap/hyjal/hyjal39.blp
7941197;interface/worldmap/hyjal/hyjal40.blp
7941198;interface/worldmap/hyjal/hyjal41.blp
7941199;interface/worldmap/hyjal/hyjal42.blp
7941200;interface/worldmap/hyjal/hyjal43.blp
7941201;interface/worldmap/hyjal/hyjal44.blp
7941202;interface/worldmap/hyjal/hyjal45.blp
7941203;interface/worldmap/hyjal/hyjal46.blp
7941204;interface/worldmap/hyjal/hyjal47.blp
7941205;interface/worldmap/hyjal/hyjal48.blp
7941206;interface/worldmap/hyjal/hyjal49.blp
7941207;interface/worldmap/hyjal/hyjal50.blp
7941208;interface/worldmap/hyjal/hyjal51.blp
7941209;interface/worldmap/hyjal/hyjal52.blp
7941210;interface/worldmap/hyjal/hyjal53.blp
7941211;interface/worldmap/hyjal/hyjal54.blp
7941212;interface/worldmap/hyjal/hyjal55.blp
7941213;interface/worldmap/hyjal/hyjal56.blp
7941214;interface/worldmap/hyjal/hyjal57.blp
7941215;interface/worldmap/hyjal/hyjal58.blp
7941216;interface/worldmap/hyjal/hyjal59.blp
7941217;interface/worldmap/hyjal/hyjal60.blp
7941218;interface/worldmap/hyjal/hyjal61.blp
7941219;interface/worldmap/hyjal/hyjal62.blp
7941220;interface/worldmap/hyjal/hyjal63.blp
7941221;interface/worldmap/hyjal/hyjal64.blp
7941222;interface/worldmap/hyjal/hyjal65.blp
7941223;interface/worldmap/hyjal/hyjal66.blp
7941224;interface/worldmap/hyjal/hyjal67.blp
7941225;interface/worldmap/hyjal/hyjal68.blp
7941226;interface/worldmap/hyjal/hyjal69.blp
7941227;interface/worldmap/hyjal/hyjal70.blp
7941228;interface/worldmap/hyjal/hyjal71.blp
7941229;interface/worldmap/hyjal/hyjal72.blp
7941230;interface/worldmap/hyjal/hyjal73.blp
7941231;interface/worldmap/hyjal/hyjal74.blp
7941232;interface/worldmap/hyjal/hyjal75.blp
7941233;interface/worldmap/hyjal/hyjal76.blp
7941234;interface/worldmap/hyjal/hyjal77.blp
7941235;interface/worldmap/hyjal/hyjal78.blp
7941236;interface/worldmap/hyjal/hyjal79.blp
7941237;interface/worldmap/hyjal/hyjal80.blp
7941238;interface/worldmap/hyjal/hyjal81.blp
7941239;interface/worldmap/hyjal/hyjal82.blp
7941240;interface/worldmap/hyjal/hyjal83.blp
7941241;interface/worldmap/hyjal/hyjal84.blp
7941242;interface/worldmap/hyjal/hyjal85.blp
7941243;interface/worldmap/hyjal/hyjal86.blp
7941244;interface/worldmap/hyjal/hyjal87.blp
7941245;interface/worldmap/hyjal/hyjal88.blp
7941246;interface/worldmap/hyjal/hyjal89.blp
7941247;interface/worldmap/hyjal/hyjal90.blp
7941248;interface/worldmap/hyjal/hyjal91.blp
7941249;interface/worldmap/hyjal/hyjal92.blp
7941250;interface/worldmap/hyjal/hyjal93.blp
7941251;interface/worldmap/hyjal/hyjal94.blp
7941252;interface/worldmap/hyjal/hyjal95.blp
7941253;interface/worldmap/hyjal/hyjal96.blp
7941254;interface/worldmap/hyjal/hyjal97.blp
7941255;interface/worldmap/hyjal/hyjal98.blp
7941256;interface/worldmap/hyjal/hyjal99.blp
7950773;interface/worldmap/hyjal/cradleoftranquility1.blp
7950774;interface/worldmap/hyjal/cradleoftranquility2.blp
7950775;interface/worldmap/hyjal/cradleoftranquility3.blp
7950776;interface/worldmap/hyjal/cradleoftranquility4.blp
7950777;interface/worldmap/hyjal/daegun1.blp
7950778;interface/worldmap/hyjal/daegun2.blp
7950779;interface/worldmap/hyjal/daegun3.blp
7950780;interface/worldmap/hyjal/daegun4.blp
7950781;interface/worldmap/hyjal/elderwild1.blp
7950782;interface/worldmap/hyjal/elderwild2.blp
7950783;interface/worldmap/hyjal/elderwild3.blp
7950784;interface/worldmap/hyjal/elderwild4.blp
7950785;interface/worldmap/hyjal/felbloodscar1.blp
7950786;interface/worldmap/hyjal/felbloodscar2.blp
7950787;interface/worldmap/hyjal/felbloodscar3.blp
7950788;interface/worldmap/hyjal/felbloodscar4.blp
7950789;interface/worldmap/hyjal/malornesretreat1.blp
7950790;interface/worldmap/hyjal/malornesretreat2.blp
7950791;interface/worldmap/hyjal/malornesretreat3.blp
7950792;interface/worldmap/hyjal/malornesretreat4.blp
7950793;interface/worldmap/hyjal/mourningsrest1.blp
7950794;interface/worldmap/hyjal/shrineofaviana1.blp
7950795;interface/worldmap/hyjal/summitofeternity1.blp
7950796;interface/worldmap/hyjal/summitofeternity2.blp
7950797;interface/worldmap/hyjal/summitofeternity3.blp
7950798;interface/worldmap/hyjal/summitofeternity4.blp
7950799;interface/worldmap/hyjal/taintedfoothills1.blp
7950800;interface/worldmap/hyjal/taintedfoothills2.blp
7950801;interface/worldmap/hyjal/taintedfoothills3.blp
7950802;interface/worldmap/hyjal/taintedfoothills4.blp
7958233;interface/worldmap/tirisfal_c60/agamandmills1.blp
7958234;interface/worldmap/tirisfal_c60/balnirfarmstead1.blp
7958235;interface/worldmap/tirisfal_c60/brightwaterlake1.blp
7958236;interface/worldmap/tirisfal_c60/brightwaterlake2.blp
7958237;interface/worldmap/tirisfal_c60/brill1.blp
7958238;interface/worldmap/tirisfal_c60/coldhearthmanor1.blp
7958239;interface/worldmap/tirisfal_c60/crusaderoutpost1.blp
7958240;interface/worldmap/tirisfal_c60/deathknell1.blp
7958241;interface/worldmap/tirisfal_c60/garrenshaunt1.blp
7958242;interface/worldmap/tirisfal_c60/monastary1.blp
7958243;interface/worldmap/tirisfal_c60/nightmarevale1.blp
7958244;interface/worldmap/tirisfal_c60/ruinsoflordaeron1.blp
7958245;interface/worldmap/tirisfal_c60/ruinsoflordaeron2.blp
7958246;interface/worldmap/tirisfal_c60/scarletwatchpost1.blp
7958247;interface/worldmap/tirisfal_c60/solidenfarmstead1.blp
7958248;interface/worldmap/tirisfal_c60/stillwaterpond1.blp
7958249;interface/worldmap/tirisfal_c60/thebulwark1.blp
7958250;interface/worldmap/tirisfal_c60/tirisfal_c601.blp
7958251;interface/worldmap/tirisfal_c60/tirisfal_c6010.blp
7958252;interface/worldmap/tirisfal_c60/tirisfal_c6011.blp
7958253;interface/worldmap/tirisfal_c60/tirisfal_c6012.blp
7958254;interface/worldmap/tirisfal_c60/tirisfal_c602.blp
7958255;interface/worldmap/tirisfal_c60/tirisfal_c603.blp
7958256;interface/worldmap/tirisfal_c60/tirisfal_c604.blp
7958257;interface/worldmap/tirisfal_c60/tirisfal_c605.blp
7958258;interface/worldmap/tirisfal_c60/tirisfal_c606.blp
7958259;interface/worldmap/tirisfal_c60/tirisfal_c607.blp
7958260;interface/worldmap/tirisfal_c60/tirisfal_c608.blp
7958261;interface/worldmap/tirisfal_c60/tirisfal_c609.blp
7958262;interface/worldmap/tirisfal_c60/venomwebvale1.blp
7958263;interface/worldmap/tirisfal_c60/whisperingforest1.blp
7958264;interface/worldmap/tirisfal_c60/whisperingforest2.blp
7958265;interface/worldmap/tirisfal_c60/whisperingforest3.blp
7958266;interface/worldmap/tirisfal_c60/whisperingforest4.blp
7963785;interface/worldmap/desolace_c60/desolace_c601.blp
7963786;interface/worldmap/desolace_c60/desolace_c6010.blp
7963787;interface/worldmap/desolace_c60/desolace_c6011.blp
7963788;interface/worldmap/desolace_c60/desolace_c6012.blp
7963789;interface/worldmap/desolace_c60/desolace_c602.blp
7963790;interface/worldmap/desolace_c60/desolace_c603.blp
7963791;interface/worldmap/desolace_c60/desolace_c604.blp
7963792;interface/worldmap/desolace_c60/desolace_c605.blp
7963793;interface/worldmap/desolace_c60/desolace_c606.blp
7963794;interface/worldmap/desolace_c60/desolace_c607.blp
7963795;interface/worldmap/desolace_c60/desolace_c608.blp
7963796;interface/worldmap/desolace_c60/desolace_c609.blp
7963797;interface/worldmap/desolace_c60/ethelrethor1.blp
7963798;interface/worldmap/desolace_c60/gelkisvillage1.blp
7963799;interface/worldmap/desolace_c60/kodograveyard1.blp
7963800;interface/worldmap/desolace_c60/kodograveyard2.blp
7963801;interface/worldmap/desolace_c60/kolkarvillage1.blp
7963802;interface/worldmap/desolace_c60/kormekshut1.blp
7963803;interface/worldmap/desolace_c60/magramvillage1.blp
7963804;interface/worldmap/desolace_c60/magramvillage2.blp
7963805;interface/worldmap/desolace_c60/mannoroccoven1.blp
7963806;interface/worldmap/desolace_c60/mannoroccoven2.blp
7963807;interface/worldmap/desolace_c60/mannoroccoven3.blp
7963808;interface/worldmap/desolace_c60/mannoroccoven4.blp
7963809;interface/worldmap/desolace_c60/nijelspoint1.blp
7963810;interface/worldmap/desolace_c60/ranazjarisle1.blp
7963811;interface/worldmap/desolace_c60/sargeron1.blp
7963812;interface/worldmap/desolace_c60/sargeron2.blp
7963813;interface/worldmap/desolace_c60/sargeron3.blp
7963814;interface/worldmap/desolace_c60/sargeron4.blp
7963815;interface/worldmap/desolace_c60/shadowbreakravine1.blp
7963816;interface/worldmap/desolace_c60/shadowpreyvillage1.blp
7963817;interface/worldmap/desolace_c60/tethrisaran1.blp
7963818;interface/worldmap/desolace_c60/thunderaxefortress1.blp
7963819;interface/worldmap/desolace_c60/valleyofspears1.blp
7963820;interface/worldmap/desolace_c60/valleyofspears2.blp
7965898;interface/worldmap/shendralas/shendralas1.blp
7965899;interface/worldmap/shendralas/shendralas10.blp
7965900;interface/worldmap/shendralas/shendralas11.blp
7965901;interface/worldmap/shendralas/shendralas12.blp
7965902;interface/worldmap/shendralas/shendralas2.blp
7965903;interface/worldmap/shendralas/shendralas3.blp
7965904;interface/worldmap/shendralas/shendralas4.blp
7965905;interface/worldmap/shendralas/shendralas5.blp
7965906;interface/worldmap/shendralas/shendralas6.blp
7965907;interface/worldmap/shendralas/shendralas7.blp
7965908;interface/worldmap/shendralas/shendralas8.blp
7965909;interface/worldmap/shendralas/shendralas9.blp
7970575;interface/worldmap/shendralas/bristlebackretreat1.blp
7970581;interface/worldmap/shendralas/bristlebackretreat2.blp
7970582;interface/worldmap/shendralas/bristlebackretreat3.blp
7970583;interface/worldmap/shendralas/bristlebackretreat4.blp
7970584;interface/worldmap/shendralas/evenshadeoverlook1.blp
7970585;interface/worldmap/shendralas/evenshadeoverlook2.blp
7970586;interface/worldmap/shendralas/evenshadeoverlook3.blp
7970587;interface/worldmap/shendralas/evenshadeoverlook4.blp
7970588;interface/worldmap/shendralas/forlorngardens1.blp
7970589;interface/worldmap/shendralas/forlorngardens2.blp
7970590;interface/worldmap/shendralas/forlorngardens3.blp
7970591;interface/worldmap/shendralas/forlorngardens4.blp
7970592;interface/worldmap/shendralas/magramfront1.blp
7970593;interface/worldmap/shendralas/magramfront2.blp
7970594;interface/worldmap/shendralas/outcasthideaway1.blp
7970595;interface/worldmap/shendralas/outcasthideaway2.blp
7970596;interface/worldmap/shendralas/outcasthideaway3.blp
7970597;interface/worldmap/shendralas/outcasthideaway4.blp
7970612;interface/worldmap/shendralas/valleyofbones1.blp
7970613;interface/worldmap/shendralas/valleyofbones2.blp
7970614;interface/worldmap/shendralas/valleyofbones3.blp
7970615;interface/worldmap/shendralas/valleyofbones4.blp
7970616;interface/worldmap/shendralas/valleyofbones5.blp
7970617;interface/worldmap/shendralas/valleyofbones6.blp
7970620;interface/worldmap/shendralas/buildings1.blp
7970621;interface/worldmap/shendralas/buildings2.blp
7970622;interface/worldmap/shendralas/buildings3.blp
7970623;interface/worldmap/shendralas/buildings4.blp
7997922;interface/worldmap/easternplaguelands_c60/blackwoodlake1.blp
7997923;interface/worldmap/easternplaguelands_c60/corinscrossing1.blp
7997924;interface/worldmap/easternplaguelands_c60/crownguardtower1.blp
7997925;interface/worldmap/easternplaguelands_c60/darrowshire1.blp
7997926;interface/worldmap/easternplaguelands_c60/easternplaguelands_c601.blp
7997927;interface/worldmap/easternplaguelands_c60/easternplaguelands_c6010.blp
7997928;interface/worldmap/easternplaguelands_c60/easternplaguelands_c6011.blp
7997929;interface/worldmap/easternplaguelands_c60/easternplaguelands_c6012.blp
7997930;interface/worldmap/easternplaguelands_c60/easternplaguelands_c602.blp
7997931;interface/worldmap/easternplaguelands_c60/easternplaguelands_c603.blp
7997932;interface/worldmap/easternplaguelands_c60/easternplaguelands_c604.blp
7997933;interface/worldmap/easternplaguelands_c60/easternplaguelands_c605.blp
7997934;interface/worldmap/easternplaguelands_c60/easternplaguelands_c606.blp
7997935;interface/worldmap/easternplaguelands_c60/easternplaguelands_c607.blp
7997936;interface/worldmap/easternplaguelands_c60/easternplaguelands_c608.blp
7997937;interface/worldmap/easternplaguelands_c60/easternplaguelands_c609.blp
7997938;interface/worldmap/easternplaguelands_c60/eastwalltower1.blp
7997939;interface/worldmap/easternplaguelands_c60/lakemereldar1.blp
7997940;interface/worldmap/easternplaguelands_c60/lakemereldar2.blp
7997941;interface/worldmap/easternplaguelands_c60/lakemereldar3.blp
7997942;interface/worldmap/easternplaguelands_c60/lakemereldar4.blp
7997943;interface/worldmap/easternplaguelands_c60/lightshopechapel1.blp
7997944;interface/worldmap/easternplaguelands_c60/newavalon1.blp
7997945;interface/worldmap/easternplaguelands_c60/newavalon2.blp
7997946;interface/worldmap/easternplaguelands_c60/newavalon3.blp
7997947;interface/worldmap/easternplaguelands_c60/newavalon4.blp
7997948;interface/worldmap/easternplaguelands_c60/northdale1.blp
7997949;interface/worldmap/easternplaguelands_c60/northpasstower1.blp
7997950;interface/worldmap/easternplaguelands_c60/northpasstower2.blp
7997951;interface/worldmap/easternplaguelands_c60/plaguewood1.blp
7997952;interface/worldmap/easternplaguelands_c60/plaguewood2.blp
7997953;interface/worldmap/easternplaguelands_c60/plaguewood3.blp
7997954;interface/worldmap/easternplaguelands_c60/plaguewood4.blp
7997955;interface/worldmap/easternplaguelands_c60/quellithienlodge1.blp
7997956;interface/worldmap/easternplaguelands_c60/stratholme1.blp
7997957;interface/worldmap/easternplaguelands_c60/stratholme2.blp
7997958;interface/worldmap/easternplaguelands_c60/terrordale1.blp
7997959;interface/worldmap/easternplaguelands_c60/terrordale2.blp
7997960;interface/worldmap/easternplaguelands_c60/thefungalvale1.blp
7997961;interface/worldmap/easternplaguelands_c60/thefungalvale2.blp
7997962;interface/worldmap/easternplaguelands_c60/theinfectisscar1.blp
7997963;interface/worldmap/easternplaguelands_c60/themarrisstead1.blp
7997964;interface/worldmap/easternplaguelands_c60/themarrisstead2.blp
7997965;interface/worldmap/easternplaguelands_c60/thenoxiousglade1.blp
7997966;interface/worldmap/easternplaguelands_c60/thenoxiousglade2.blp
7997967;interface/worldmap/easternplaguelands_c60/thenoxiousglade3.blp
7997968;interface/worldmap/easternplaguelands_c60/thenoxiousglade4.blp
7997969;interface/worldmap/easternplaguelands_c60/thepestilentscar1.blp
7997970;interface/worldmap/easternplaguelands_c60/thepestilentscar2.blp
7997971;interface/worldmap/easternplaguelands_c60/theundercroft1.blp
7997972;interface/worldmap/easternplaguelands_c60/theundercroft2.blp
7997973;interface/worldmap/easternplaguelands_c60/thondrorilriver1.blp
7997974;interface/worldmap/easternplaguelands_c60/thondrorilriver2.blp
7997975;interface/worldmap/easternplaguelands_c60/tyrshand1.blp
7997976;interface/worldmap/easternplaguelands_c60/tyrshand2.blp
7997977;interface/worldmap/easternplaguelands_c60/tyrshand3.blp
7997978;interface/worldmap/easternplaguelands_c60/tyrshand4.blp
7997979;interface/worldmap/easternplaguelands_c60/zulmashar1.blp
7997980;interface/worldmap/easternplaguelands_c60/zulmashar2.blp
8023297;interface/worldmap/easternkingdoms_c60/easternkingdoms_c601.blp
8023298;interface/worldmap/easternkingdoms_c60/easternkingdoms_c6010.blp
8023299;interface/worldmap/easternkingdoms_c60/easternkingdoms_c6011.blp
8023300;interface/worldmap/easternkingdoms_c60/easternkingdoms_c6012.blp
8023301;interface/worldmap/easternkingdoms_c60/easternkingdoms_c602.blp
8023302;interface/worldmap/easternkingdoms_c60/easternkingdoms_c603.blp
8023303;interface/worldmap/easternkingdoms_c60/easternkingdoms_c604.blp
8023304;interface/worldmap/easternkingdoms_c60/easternkingdoms_c605.blp
8023305;interface/worldmap/easternkingdoms_c60/easternkingdoms_c606.blp
8023306;interface/worldmap/easternkingdoms_c60/easternkingdoms_c607.blp
8023307;interface/worldmap/easternkingdoms_c60/easternkingdoms_c608.blp
8023308;interface/worldmap/easternkingdoms_c60/easternkingdoms_c609.blp
8025428;interface/worldmap/world_c60/world_c601.blp
8025429;interface/worldmap/world_c60/world_c6010.blp
8025430;interface/worldmap/world_c60/world_c6011.blp
8025431;interface/worldmap/world_c60/world_c6012.blp
8025432;interface/worldmap/world_c60/world_c602.blp
8025433;interface/worldmap/world_c60/world_c603.blp
8025434;interface/worldmap/world_c60/world_c604.blp
8025435;interface/worldmap/world_c60/world_c605.blp
8025436;interface/worldmap/world_c60/world_c606.blp
8025437;interface/worldmap/world_c60/world_c607.blp
8025438;interface/worldmap/world_c60/world_c608.blp
8025439;interface/worldmap/world_c60/world_c609.blp
8025526;interface/worldmap/kalimdor_c60/kalimdor_c601.blp
8025527;interface/worldmap/kalimdor_c60/kalimdor_c6010.blp
8025548;interface/worldmap/kalimdor_c60/kalimdor_c6011.blp
8025561;interface/worldmap/kalimdor_c60/kalimdor_c6012.blp
8025566;interface/worldmap/kalimdor_c60/kalimdor_c602.blp
8025567;interface/worldmap/kalimdor_c60/kalimdor_c603.blp
8025572;interface/worldmap/kalimdor_c60/kalimdor_c604.blp
8025573;interface/worldmap/kalimdor_c60/kalimdor_c605.blp
8025574;interface/worldmap/kalimdor_c60/kalimdor_c606.blp
8025575;interface/worldmap/kalimdor_c60/kalimdor_c607.blp
8025576;interface/worldmap/kalimdor_c60/kalimdor_c608.blp
8025577;interface/worldmap/kalimdor_c60/kalimdor_c609.blp
8032430;interface/worldmap/riverlands/bolderok1.blp
8032431;interface/worldmap/riverlands/bolderok2.blp
8032432;interface/worldmap/riverlands/bolderok3.blp
8032433;interface/worldmap/riverlands/bolderok4.blp
8032436;interface/worldmap/riverlands/bristlehills1.blp
8032437;interface/worldmap/riverlands/bristlehills2.blp
8032438;interface/worldmap/riverlands/bristlehills3.blp
8032439;interface/worldmap/riverlands/bristlehills4.blp
8032440;interface/worldmap/riverlands/farholdekeep1.blp
8032441;interface/worldmap/riverlands/kroldokstronghold1.blp
8032442;interface/worldmap/riverlands/kroldokstronghold2.blp
8032443;interface/worldmap/riverlands/kroldokstronghold3.blp
8032444;interface/worldmap/riverlands/kroldokstronghold4.blp
8032445;interface/worldmap/riverlands/meadowsbrook1.blp
8032446;interface/worldmap/riverlands/meadowsbrook2.blp
8032447;interface/worldmap/riverlands/meadowsbrook3.blp
8032448;interface/worldmap/riverlands/meadowsbrook4.blp
8032449;interface/worldmap/riverlands/powderfuseport1.blp
8032450;interface/worldmap/riverlands/powderfuseport2.blp
8032451;interface/worldmap/riverlands/powderfuseport3.blp
8032452;interface/worldmap/riverlands/powderfuseport4.blp
8032453;interface/worldmap/riverlands/rogmar1.blp
8032454;interface/worldmap/riverlands/sunnyglade1.blp
8032455;interface/worldmap/riverlands/sunnyglade2.blp
8032456;interface/worldmap/riverlands/terralswatch1.blp
8032457;interface/worldmap/riverlands/turnersloggingcamp1.blp
8032458;interface/worldmap/riverlands/twilightsshroud1.blp
8032459;interface/worldmap/riverlands/twilightsshroud2.blp
8032460;interface/worldmap/riverlands/twilightsshroud3.blp
8032461;interface/worldmap/riverlands/twilightsshroud4.blp
8032462;interface/worldmap/riverlands/wheelersgrange1.blp
8032463;interface/worldmap/riverlands/windstead1.blp
8032464;interface/worldmap/riverlands/windstead2.blp
8032465;interface/worldmap/riverlands/windstead3.blp
8032466;interface/worldmap/riverlands/windstead4.blp
8038833;interface/worldmap/stormwindcity_c60/stormwindcity_c601.blp
8038834;interface/worldmap/stormwindcity_c60/stormwindcity_c6010.blp
8038835;interface/worldmap/stormwindcity_c60/stormwindcity_c6011.blp
8038836;interface/worldmap/stormwindcity_c60/stormwindcity_c6012.blp
8038837;interface/worldmap/stormwindcity_c60/stormwindcity_c602.blp
8038838;interface/worldmap/stormwindcity_c60/stormwindcity_c603.blp
8038839;interface/worldmap/stormwindcity_c60/stormwindcity_c604.blp
8038840;interface/worldmap/stormwindcity_c60/stormwindcity_c605.blp
8038841;interface/worldmap/stormwindcity_c60/stormwindcity_c606.blp
8038842;interface/worldmap/stormwindcity_c60/stormwindcity_c607.blp
8038843;interface/worldmap/stormwindcity_c60/stormwindcity_c608.blp
8038844;interface/worldmap/stormwindcity_c60/stormwindcity_c609.blp
8040017;interface/worldmap/blastedlands_c60/altarofstorms1.blp
8040018;interface/worldmap/blastedlands_c60/blastedlands_c601.blp
8040019;interface/worldmap/blastedlands_c60/blastedlands_c6010.blp
8040020;interface/worldmap/blastedlands_c60/blastedlands_c6011.blp
8040021;interface/worldmap/blastedlands_c60/blastedlands_c6012.blp
8040022;interface/worldmap/blastedlands_c60/blastedlands_c602.blp
8040023;interface/worldmap/blastedlands_c60/blastedlands_c603.blp
8040024;interface/worldmap/blastedlands_c60/blastedlands_c604.blp
8040025;interface/worldmap/blastedlands_c60/blastedlands_c605.blp
8040026;interface/worldmap/blastedlands_c60/blastedlands_c606.blp
8040027;interface/worldmap/blastedlands_c60/blastedlands_c607.blp
8040028;interface/worldmap/blastedlands_c60/blastedlands_c608.blp
8040029;interface/worldmap/blastedlands_c60/blastedlands_c609.blp
8040030;interface/worldmap/blastedlands_c60/dreadmaulhold1.blp
8040031;interface/worldmap/blastedlands_c60/dreadmaulpost1.blp
8040032;interface/worldmap/blastedlands_c60/garrisonarmory1.blp
8040033;interface/worldmap/blastedlands_c60/nethergardekeep1.blp
8040034;interface/worldmap/blastedlands_c60/riseofthedefiler1.blp
8040035;interface/worldmap/blastedlands_c60/serpentscoil1.blp
8040036;interface/worldmap/blastedlands_c60/thedarkportal1.blp
8040037;interface/worldmap/blastedlands_c60/thedarkportal2.blp
8040038;interface/worldmap/blastedlands_c60/thetaintedscar1.blp
8040039;interface/worldmap/blastedlands_c60/thetaintedscar2.blp
8040040;interface/worldmap/blastedlands_c60/thetaintedscar3.blp
8040041;interface/worldmap/blastedlands_c60/thetaintedscar4.blp
8060538;interface/worldmap/burningsteppes_c60/altarofstorms1.blp
8060539;interface/worldmap/burningsteppes_c60/blackrockmountain1.blp
8060540;interface/worldmap/burningsteppes_c60/blackrockmountain2.blp
8060541;interface/worldmap/burningsteppes_c60/blackrockpass1.blp
8060542;interface/worldmap/burningsteppes_c60/blackrockpass2.blp
8060543;interface/worldmap/burningsteppes_c60/blackrockpass3.blp
8060544;interface/worldmap/burningsteppes_c60/blackrockpass4.blp
8060545;interface/worldmap/burningsteppes_c60/blackrockstronghold1.blp
8060546;interface/worldmap/burningsteppes_c60/blackrockstronghold2.blp
8060547;interface/worldmap/burningsteppes_c60/burningsteppes_c601.blp
8060548;interface/worldmap/burningsteppes_c60/burningsteppes_c6010.blp
8060549;interface/worldmap/burningsteppes_c60/burningsteppes_c6011.blp
8060550;interface/worldmap/burningsteppes_c60/burningsteppes_c6012.blp
8060551;interface/worldmap/burningsteppes_c60/burningsteppes_c602.blp
8060552;interface/worldmap/burningsteppes_c60/burningsteppes_c603.blp
8060553;interface/worldmap/burningsteppes_c60/burningsteppes_c604.blp
8060554;interface/worldmap/burningsteppes_c60/burningsteppes_c605.blp
8060555;interface/worldmap/burningsteppes_c60/burningsteppes_c606.blp
8060556;interface/worldmap/burningsteppes_c60/burningsteppes_c607.blp
8060557;interface/worldmap/burningsteppes_c60/burningsteppes_c608.blp
8060558;interface/worldmap/burningsteppes_c60/burningsteppes_c609.blp
8060559;interface/worldmap/burningsteppes_c60/dracodar1.blp
8060560;interface/worldmap/burningsteppes_c60/dracodar2.blp
8060561;interface/worldmap/burningsteppes_c60/dracodar3.blp
8060562;interface/worldmap/burningsteppes_c60/dracodar4.blp
8060563;interface/worldmap/burningsteppes_c60/dreadmaulrock1.blp
8060564;interface/worldmap/burningsteppes_c60/morgansvigil1.blp
8060644;interface/worldmap/burningsteppes_c60/morgansvigil2.blp
8060645;interface/worldmap/burningsteppes_c60/morgansvigil3.blp
8060646;interface/worldmap/burningsteppes_c60/morgansvigil4.blp
8060647;interface/worldmap/burningsteppes_c60/pillarofash1.blp
8060648;interface/worldmap/burningsteppes_c60/pillarofash2.blp
8060650;interface/worldmap/burningsteppes_c60/pillarofash3.blp
8060651;interface/worldmap/burningsteppes_c60/pillarofash4.blp
8060652;interface/worldmap/burningsteppes_c60/ruinsofthaurissan1.blp
8060653;interface/worldmap/burningsteppes_c60/ruinsofthaurissan2.blp
8060654;interface/worldmap/burningsteppes_c60/ruinsofthaurissan3.blp
8060656;interface/worldmap/burningsteppes_c60/ruinsofthaurissan4.blp
8060657;interface/worldmap/burningsteppes_c60/terrorwingpath1.blp
8060658;interface/worldmap/burningsteppes_c60/terrorwingpath2.blp
8060659;interface/worldmap/burningsteppes_c60/terrorwingpath3.blp
8060660;interface/worldmap/burningsteppes_c60/terrorwingpath4.blp
8060886;interface/worldmap/deadwindpass_c60/deadmanscrossing1.blp
8060887;interface/worldmap/deadwindpass_c60/deadmanscrossing2.blp
8060888;interface/worldmap/deadwindpass_c60/deadmanscrossing3.blp
8060889;interface/worldmap/deadwindpass_c60/deadmanscrossing4.blp
8060890;interface/worldmap/deadwindpass_c60/deadwindpass_c601.blp
8060891;interface/worldmap/deadwindpass_c60/deadwindpass_c6010.blp
8060892;interface/worldmap/deadwindpass_c60/deadwindpass_c6011.blp
8060893;interface/worldmap/deadwindpass_c60/deadwindpass_c6012.blp
8060894;interface/worldmap/deadwindpass_c60/deadwindpass_c602.blp
8060895;interface/worldmap/deadwindpass_c60/deadwindpass_c603.blp
8060896;interface/worldmap/deadwindpass_c60/deadwindpass_c604.blp
8060897;interface/worldmap/deadwindpass_c60/deadwindpass_c605.blp
8060898;interface/worldmap/deadwindpass_c60/deadwindpass_c606.blp
8060899;interface/worldmap/deadwindpass_c60/deadwindpass_c607.blp
8060900;interface/worldmap/deadwindpass_c60/deadwindpass_c608.blp
8060901;interface/worldmap/deadwindpass_c60/deadwindpass_c609.blp
8060902;interface/worldmap/deadwindpass_c60/karazhan1.blp
8060903;interface/worldmap/deadwindpass_c60/karazhan2.blp
8060904;interface/worldmap/deadwindpass_c60/thevice1.blp
8060905;interface/worldmap/deadwindpass_c60/thevice2.blp
8060906;interface/worldmap/deadwindpass_c60/thevice3.blp
8060909;interface/worldmap/deadwindpass_c60/thevice4.blp
8061325;interface/worldmap/dunmorogh_c60/amberstillranch1.blp
8061326;interface/worldmap/dunmorogh_c60/anvilmar1.blp
8061327;interface/worldmap/dunmorogh_c60/brewnallvillage1.blp
8061328;interface/worldmap/dunmorogh_c60/chillbreezevalley1.blp
8061329;interface/worldmap/dunmorogh_c60/coldridgepass1.blp
8061330;interface/worldmap/dunmorogh_c60/dunmorogh_c601.blp
8061331;interface/worldmap/dunmorogh_c60/dunmorogh_c6010.blp
8061332;interface/worldmap/dunmorogh_c60/dunmorogh_c6011.blp
8061333;interface/worldmap/dunmorogh_c60/dunmorogh_c6012.blp
8061334;interface/worldmap/dunmorogh_c60/dunmorogh_c602.blp
8061335;interface/worldmap/dunmorogh_c60/dunmorogh_c603.blp
8061336;interface/worldmap/dunmorogh_c60/dunmorogh_c604.blp
8061337;interface/worldmap/dunmorogh_c60/dunmorogh_c605.blp
8061338;interface/worldmap/dunmorogh_c60/dunmorogh_c606.blp
8061339;interface/worldmap/dunmorogh_c60/dunmorogh_c607.blp
8061340;interface/worldmap/dunmorogh_c60/dunmorogh_c608.blp
8061341;interface/worldmap/dunmorogh_c60/dunmorogh_c609.blp
8061342;interface/worldmap/dunmorogh_c60/frostmanehold1.blp
8061343;interface/worldmap/dunmorogh_c60/gnomeragon1.blp
8061344;interface/worldmap/dunmorogh_c60/golbolarquarry1.blp
8061345;interface/worldmap/dunmorogh_c60/helmsbedlake1.blp
8061346;interface/worldmap/dunmorogh_c60/iceflowlake1.blp
8061347;interface/worldmap/dunmorogh_c60/ironforge1.blp
8061348;interface/worldmap/dunmorogh_c60/ironforge2.blp
8061349;interface/worldmap/dunmorogh_c60/kharanos1.blp
8061350;interface/worldmap/dunmorogh_c60/mistypinerefuge1.blp
8061351;interface/worldmap/dunmorogh_c60/northernoutpost1.blp
8061352;interface/worldmap/dunmorogh_c60/shimmerridge1.blp
8061353;interface/worldmap/dunmorogh_c60/southernoutpost1.blp
8061354;interface/worldmap/dunmorogh_c60/thegrizzledden1.blp
8061355;interface/worldmap/dunmorogh_c60/thetundridhills1.blp
8061676;interface/worldmap/duskwood_c60/addlesstead1.blp
8061677;interface/worldmap/duskwood_c60/addlesstead2.blp
8061678;interface/worldmap/duskwood_c60/brightwoodgrove1.blp
8061679;interface/worldmap/duskwood_c60/brightwoodgrove2.blp
8061680;interface/worldmap/duskwood_c60/darkshire1.blp
8061681;interface/worldmap/duskwood_c60/darkshire2.blp
8061682;interface/worldmap/duskwood_c60/darkshire3.blp
8061683;interface/worldmap/duskwood_c60/darkshire4.blp
8061684;interface/worldmap/duskwood_c60/duskwood_c601.blp
8061685;interface/worldmap/duskwood_c60/duskwood_c6010.blp
8061686;interface/worldmap/duskwood_c60/duskwood_c6011.blp
8061687;interface/worldmap/duskwood_c60/duskwood_c6012.blp
8061688;interface/worldmap/duskwood_c60/duskwood_c602.blp
8061689;interface/worldmap/duskwood_c60/duskwood_c603.blp
8061690;interface/worldmap/duskwood_c60/duskwood_c604.blp
8061691;interface/worldmap/duskwood_c60/duskwood_c605.blp
8061692;interface/worldmap/duskwood_c60/duskwood_c606.blp
8061693;interface/worldmap/duskwood_c60/duskwood_c607.blp
8061694;interface/worldmap/duskwood_c60/duskwood_c608.blp
8061695;interface/worldmap/duskwood_c60/duskwood_c609.blp
8061696;interface/worldmap/duskwood_c60/manormistmantle1.blp
8061697;interface/worldmap/duskwood_c60/ravenhill1.blp
8061698;interface/worldmap/duskwood_c60/ravenhillcemetary1.blp
8061699;interface/worldmap/duskwood_c60/ravenhillcemetary2.blp
8061700;interface/worldmap/duskwood_c60/ravenhillcemetary3.blp
8061701;interface/worldmap/duskwood_c60/ravenhillcemetary4.blp
8061702;interface/worldmap/duskwood_c60/thedarkenedbank1.blp
8061703;interface/worldmap/duskwood_c60/thedarkenedbank2.blp
8061704;interface/worldmap/duskwood_c60/thedarkenedbank3.blp
8061705;interface/worldmap/duskwood_c60/thedarkenedbank4.blp
8061706;interface/worldmap/duskwood_c60/thehushedbank1.blp
8061707;interface/worldmap/duskwood_c60/thehushedbank2.blp
8061708;interface/worldmap/duskwood_c60/therottingorchard1.blp
8061709;
8061710;
8061711;interface/worldmap/duskwood_c60/twilightgrove1.blp
8061712;interface/worldmap/duskwood_c60/twilightgrove2.blp
8061713;interface/worldmap/duskwood_c60/twilightgrove3.blp
8061714;interface/worldmap/duskwood_c60/twilightgrove4.blp
8061715;interface/worldmap/duskwood_c60/vulgologremound1.blp
8061716;interface/worldmap/duskwood_c60/vulgologremound2.blp
8061955;interface/worldmap/elwynn_c60/brackwellpumpkinpatch1.blp
8061956;interface/worldmap/elwynn_c60/crystallake1.blp
8061957;interface/worldmap/elwynn_c60/eastvaleloggingcamp1.blp
8061958;interface/worldmap/elwynn_c60/elwynn_c601.blp
8061959;interface/worldmap/elwynn_c60/elwynn_c6010.blp
8061960;interface/worldmap/elwynn_c60/elwynn_c6011.blp
8061961;interface/worldmap/elwynn_c60/elwynn_c6012.blp
8061962;interface/worldmap/elwynn_c60/elwynn_c602.blp
8061963;interface/worldmap/elwynn_c60/elwynn_c603.blp
8061964;interface/worldmap/elwynn_c60/elwynn_c604.blp
8061965;interface/worldmap/elwynn_c60/elwynn_c605.blp
8061966;interface/worldmap/elwynn_c60/elwynn_c606.blp
8061967;interface/worldmap/elwynn_c60/elwynn_c607.blp
8061968;interface/worldmap/elwynn_c60/elwynn_c608.blp
8061969;interface/worldmap/elwynn_c60/elwynn_c609.blp
8061970;interface/worldmap/elwynn_c60/fargodeepmine1.blp
8061971;interface/worldmap/elwynn_c60/forestsedge1.blp
8061972;interface/worldmap/elwynn_c60/forestsedge2.blp
8061973;interface/worldmap/elwynn_c60/goldshire1.blp
8061974;interface/worldmap/elwynn_c60/jerodslanding1.blp
8061975;interface/worldmap/elwynn_c60/northshirevalley1.blp
8061976;interface/worldmap/elwynn_c60/ridgepointtower1.blp
8061977;interface/worldmap/elwynn_c60/ridgepointtower2.blp
8061978;interface/worldmap/elwynn_c60/stonecairnlake1.blp
8061979;interface/worldmap/elwynn_c60/stonecairnlake2.blp
8061980;interface/worldmap/elwynn_c60/stormwind1.blp
8061981;interface/worldmap/elwynn_c60/stormwind2.blp
8061982;interface/worldmap/elwynn_c60/stormwind3.blp
8061983;interface/worldmap/elwynn_c60/stormwind4.blp
8061984;interface/worldmap/elwynn_c60/towerofazora1.blp
8062819;interface/worldmap/hillsbrad_c60/azureloadmine1.blp
8062820;interface/worldmap/hillsbrad_c60/darrowhill1.blp
8062821;interface/worldmap/hillsbrad_c60/dungarok1.blp
8062822;interface/worldmap/hillsbrad_c60/dungarok2.blp
8062823;interface/worldmap/hillsbrad_c60/durnholdekeep1.blp
8062824;interface/worldmap/hillsbrad_c60/durnholdekeep2.blp
8062825;interface/worldmap/hillsbrad_c60/durnholdekeep3.blp
8062826;interface/worldmap/hillsbrad_c60/durnholdekeep4.blp
8062827;interface/worldmap/hillsbrad_c60/easternstrand1.blp
8062828;interface/worldmap/hillsbrad_c60/easternstrand2.blp
8062829;interface/worldmap/hillsbrad_c60/hillsbradfields1.blp
8062830;interface/worldmap/hillsbrad_c60/hillsbradfields2.blp
8062831;interface/worldmap/hillsbrad_c60/hillsbradfields3.blp
8062832;interface/worldmap/hillsbrad_c60/hillsbradfields4.blp
8062833;interface/worldmap/hillsbrad_c60/hillsbrad_c601.blp
8062834;interface/worldmap/hillsbrad_c60/hillsbrad_c6010.blp
8062835;interface/worldmap/hillsbrad_c60/hillsbrad_c6011.blp
8062836;interface/worldmap/hillsbrad_c60/hillsbrad_c6012.blp
8062837;interface/worldmap/hillsbrad_c60/hillsbrad_c602.blp
8062838;interface/worldmap/hillsbrad_c60/hillsbrad_c603.blp
8062839;interface/worldmap/hillsbrad_c60/hillsbrad_c604.blp
8062840;interface/worldmap/hillsbrad_c60/hillsbrad_c605.blp
8062841;interface/worldmap/hillsbrad_c60/hillsbrad_c606.blp
8062842;interface/worldmap/hillsbrad_c60/hillsbrad_c607.blp
8062843;interface/worldmap/hillsbrad_c60/hillsbrad_c608.blp
8062844;interface/worldmap/hillsbrad_c60/hillsbrad_c609.blp
8062845;interface/worldmap/hillsbrad_c60/nethanderstead1.blp
8062846;interface/worldmap/hillsbrad_c60/purgationisle1.blp
8062847;interface/worldmap/hillsbrad_c60/southpointtower1.blp
8062848;interface/worldmap/hillsbrad_c60/southpointtower2.blp
8062849;interface/worldmap/hillsbrad_c60/southshore1.blp
8062850;interface/worldmap/hillsbrad_c60/southshore2.blp
8062851;interface/worldmap/hillsbrad_c60/tarrenmill1.blp
8062852;interface/worldmap/hillsbrad_c60/tarrenmill2.blp
8062853;interface/worldmap/hillsbrad_c60/westernstrand1.blp
8062854;interface/worldmap/hillsbrad_c60/westernstrand2.blp
8062942;interface/worldmap/ironforge_c60/ironforge_c601.blp
8062943;interface/worldmap/ironforge_c60/ironforge_c6010.blp
8062944;interface/worldmap/ironforge_c60/ironforge_c6011.blp
8062945;interface/worldmap/ironforge_c60/ironforge_c6012.blp
8062946;interface/worldmap/ironforge_c60/ironforge_c602.blp
8062947;interface/worldmap/ironforge_c60/ironforge_c603.blp
8062948;interface/worldmap/ironforge_c60/ironforge_c604.blp
8062949;interface/worldmap/ironforge_c60/ironforge_c605.blp
8062950;interface/worldmap/ironforge_c60/ironforge_c606.blp
8062951;interface/worldmap/ironforge_c60/ironforge_c607.blp
8062952;interface/worldmap/ironforge_c60/ironforge_c608.blp
8062953;interface/worldmap/ironforge_c60/ironforge_c609.blp
8063099;interface/worldmap/lochmodan_c60/grizzlepawridge1.blp
8063100;interface/worldmap/lochmodan_c60/grizzlepawridge2.blp
8063101;interface/worldmap/lochmodan_c60/grizzlepawridge3.blp
8063102;interface/worldmap/lochmodan_c60/grizzlepawridge4.blp
8063103;interface/worldmap/lochmodan_c60/ironbandsexcavationsite1.blp
8063104;interface/worldmap/lochmodan_c60/ironbandsexcavationsite2.blp
8063105;interface/worldmap/lochmodan_c60/lochmodan_c601.blp
8063106;interface/worldmap/lochmodan_c60/lochmodan_c6010.blp
8063107;interface/worldmap/lochmodan_c60/lochmodan_c6011.blp
8063108;interface/worldmap/lochmodan_c60/lochmodan_c6012.blp
8063109;interface/worldmap/lochmodan_c60/lochmodan_c602.blp
8063110;interface/worldmap/lochmodan_c60/lochmodan_c603.blp
8063111;interface/worldmap/lochmodan_c60/lochmodan_c604.blp
8063112;interface/worldmap/lochmodan_c60/lochmodan_c605.blp
8063113;interface/worldmap/lochmodan_c60/lochmodan_c606.blp
8063114;interface/worldmap/lochmodan_c60/lochmodan_c607.blp
8063115;interface/worldmap/lochmodan_c60/lochmodan_c608.blp
8063116;interface/worldmap/lochmodan_c60/lochmodan_c609.blp
8063117;interface/worldmap/lochmodan_c60/mogroshstronghold1.blp
8063118;interface/worldmap/lochmodan_c60/mogroshstronghold2.blp
8063119;interface/worldmap/lochmodan_c60/northgatepass1.blp
8063120;interface/worldmap/lochmodan_c60/northgatepass2.blp
8063121;interface/worldmap/lochmodan_c60/silverstreammine1.blp
8063122;interface/worldmap/lochmodan_c60/silverstreammine2.blp
8063123;interface/worldmap/lochmodan_c60/stonesplintervalley1.blp
8063126;interface/worldmap/lochmodan_c60/stonesplintervalley2.blp
8063127;interface/worldmap/lochmodan_c60/stonewroughtdam1.blp
8063128;interface/worldmap/lochmodan_c60/stonewroughtdam2.blp
8063129;interface/worldmap/lochmodan_c60/thefarstriderlodge1.blp
8063130;interface/worldmap/lochmodan_c60/thefarstriderlodge2.blp
8063131;interface/worldmap/lochmodan_c60/thefarstriderlodge3.blp
8063132;interface/worldmap/lochmodan_c60/thefarstriderlodge4.blp
8063133;interface/worldmap/lochmodan_c60/theloch1.blp
8063134;interface/worldmap/lochmodan_c60/theloch2.blp
8063135;interface/worldmap/lochmodan_c60/theloch3.blp
8063136;interface/worldmap/lochmodan_c60/theloch4.blp
8063137;interface/worldmap/lochmodan_c60/thelsamar1.blp
8063138;interface/worldmap/lochmodan_c60/valleyofkings1.blp
8064749;interface/worldmap/searinggorge_c60/blackcharcave1.blp
8064750;interface/worldmap/searinggorge_c60/blackcharcave2.blp
8064751;interface/worldmap/searinggorge_c60/dustfirevalley1.blp
8064752;interface/worldmap/searinggorge_c60/dustfirevalley2.blp
8064753;interface/worldmap/searinggorge_c60/dustfirevalley3.blp
8064754;interface/worldmap/searinggorge_c60/dustfirevalley4.blp
8064755;interface/worldmap/searinggorge_c60/firewatchridge1.blp
8064756;interface/worldmap/searinggorge_c60/firewatchridge2.blp
8064757;interface/worldmap/searinggorge_c60/firewatchridge3.blp
8064758;interface/worldmap/searinggorge_c60/firewatchridge4.blp
8064759;interface/worldmap/searinggorge_c60/grimesiltdigsite1.blp
8064760;interface/worldmap/searinggorge_c60/grimesiltdigsite2.blp
8064761;interface/worldmap/searinggorge_c60/searinggorge_c601.blp
8064762;interface/worldmap/searinggorge_c60/searinggorge_c6010.blp
8064763;interface/worldmap/searinggorge_c60/searinggorge_c6011.blp
8064764;interface/worldmap/searinggorge_c60/searinggorge_c6012.blp
8064765;interface/worldmap/searinggorge_c60/searinggorge_c602.blp
8064766;interface/worldmap/searinggorge_c60/searinggorge_c603.blp
8064767;interface/worldmap/searinggorge_c60/searinggorge_c604.blp
8064768;interface/worldmap/searinggorge_c60/searinggorge_c605.blp
8064769;interface/worldmap/searinggorge_c60/searinggorge_c606.blp
8064770;interface/worldmap/searinggorge_c60/searinggorge_c607.blp
8064771;interface/worldmap/searinggorge_c60/searinggorge_c608.blp
8064772;interface/worldmap/searinggorge_c60/searinggorge_c609.blp
8064773;interface/worldmap/searinggorge_c60/tannercamp1.blp
8064774;interface/worldmap/searinggorge_c60/tannercamp2.blp
8064775;interface/worldmap/searinggorge_c60/thecauldron1.blp
8064776;interface/worldmap/searinggorge_c60/thecauldron2.blp
8064777;interface/worldmap/searinggorge_c60/thecauldron3.blp
8064778;interface/worldmap/searinggorge_c60/thecauldron4.blp
8064779;interface/worldmap/searinggorge_c60/theseaofcinders1.blp
8064780;interface/worldmap/searinggorge_c60/theseaofcinders2.blp
8064781;interface/worldmap/searinggorge_c60/theseaofcinders3.blp
8064782;interface/worldmap/searinggorge_c60/theseaofcinders4.blp
8064912;interface/worldmap/silverpine_c60/ambermill1.blp
8064914;interface/worldmap/silverpine_c60/berensperil1.blp
8064915;interface/worldmap/silverpine_c60/deepelemmine1.blp
8064916;interface/worldmap/silverpine_c60/fenrisisle1.blp
8064917;interface/worldmap/silverpine_c60/maldensorchard1.blp
8064919;interface/worldmap/silverpine_c60/northtideshollow1.blp
8064920;interface/worldmap/silverpine_c60/olsensfarthing1.blp
8064922;interface/worldmap/silverpine_c60/pyrewoodvillage1.blp
8064923;interface/worldmap/silverpine_c60/shadowfangkeep1.blp
8064925;interface/worldmap/silverpine_c60/silverpine_c601.blp
8064926;interface/worldmap/silverpine_c60/silverpine_c6010.blp
8064929;interface/worldmap/silverpine_c60/silverpine_c6011.blp
8064930;interface/worldmap/silverpine_c60/silverpine_c6012.blp
8064931;interface/worldmap/silverpine_c60/silverpine_c602.blp
8064933;interface/worldmap/silverpine_c60/silverpine_c603.blp
8064935;interface/worldmap/silverpine_c60/silverpine_c604.blp
8064936;interface/worldmap/silverpine_c60/silverpine_c605.blp
8064937;interface/worldmap/silverpine_c60/silverpine_c606.blp
8064939;interface/worldmap/silverpine_c60/silverpine_c607.blp
8064940;interface/worldmap/silverpine_c60/silverpine_c608.blp
8064942;interface/worldmap/silverpine_c60/silverpine_c609.blp
8064943;interface/worldmap/silverpine_c60/thedeadfield1.blp
8064944;interface/worldmap/silverpine_c60/thedecrepitferry1.blp
8064946;interface/worldmap/silverpine_c60/thegreymanewall1.blp
8064947;interface/worldmap/silverpine_c60/thesepulcher1.blp
8064949;interface/worldmap/silverpine_c60/theshiningstrand1.blp
8064950;interface/worldmap/silverpine_c60/theskitteringdark1.blp
8065937;interface/worldmap/stranglethorn_c60/balalruins1.blp
8065938;interface/worldmap/stranglethorn_c60/baliamahruins1.blp
8065939;interface/worldmap/stranglethorn_c60/bloodsailcompound1.blp
8065940;interface/worldmap/stranglethorn_c60/bootybay1.blp
8065941;interface/worldmap/stranglethorn_c60/crystalveinmine1.blp
8065942;interface/worldmap/stranglethorn_c60/gromgolbasecamp1.blp
8065943;interface/worldmap/stranglethorn_c60/jagueroisle1.blp
8065944;interface/worldmap/stranglethorn_c60/kalairuins1.blp
8065945;interface/worldmap/stranglethorn_c60/kurzenscompound1.blp
8065946;interface/worldmap/stranglethorn_c60/lakenazferiti1.blp
8065947;interface/worldmap/stranglethorn_c60/mistvalevalley1.blp
8065948;interface/worldmap/stranglethorn_c60/mizjahruins1.blp
8065949;interface/worldmap/stranglethorn_c60/moshoggogremound1.blp
8065950;interface/worldmap/stranglethorn_c60/nekmaniwellspring1.blp
8065951;interface/worldmap/stranglethorn_c60/nesingwarysexpedition1.blp
8065952;interface/worldmap/stranglethorn_c60/rebelcamp1.blp
8065953;interface/worldmap/stranglethorn_c60/ruinsofaboraz1.blp
8065954;interface/worldmap/stranglethorn_c60/ruinsofjubuwal1.blp
8065955;interface/worldmap/stranglethorn_c60/ruinsofzulkunda1.blp
8065956;interface/worldmap/stranglethorn_c60/ruinsofzulmamwe1.blp
8065957;interface/worldmap/stranglethorn_c60/stranglethorn_c601.blp
8065958;interface/worldmap/stranglethorn_c60/stranglethorn_c6010.blp
8065959;interface/worldmap/stranglethorn_c60/stranglethorn_c6011.blp
8065960;interface/worldmap/stranglethorn_c60/stranglethorn_c6012.blp
8065961;interface/worldmap/stranglethorn_c60/stranglethorn_c602.blp
8065962;interface/worldmap/stranglethorn_c60/stranglethorn_c603.blp
8065963;interface/worldmap/stranglethorn_c60/stranglethorn_c604.blp
8065964;interface/worldmap/stranglethorn_c60/stranglethorn_c605.blp
8065965;interface/worldmap/stranglethorn_c60/stranglethorn_c606.blp
8065966;interface/worldmap/stranglethorn_c60/stranglethorn_c607.blp
8065967;interface/worldmap/stranglethorn_c60/stranglethorn_c608.blp
8065968;interface/worldmap/stranglethorn_c60/stranglethorn_c609.blp
8065969;interface/worldmap/stranglethorn_c60/thearena1.blp
8065970;interface/worldmap/stranglethorn_c60/thevilereef1.blp
8065972;interface/worldmap/stranglethorn_c60/wildshore1.blp
8065973;interface/worldmap/stranglethorn_c60/ziatajairuins1.blp
8065974;interface/worldmap/stranglethorn_c60/zulgurub1.blp
8065975;interface/worldmap/stranglethorn_c60/zuuldalaruins1.blp
8065979;interface/worldmap/stranglethorn_c60/venturecobasecamp1.blp
8067384;interface/worldmap/swampofsorrows_c60/fallowsanctuary1.blp
8067385;interface/worldmap/swampofsorrows_c60/fallowsanctuary2.blp
8067386;interface/worldmap/swampofsorrows_c60/fallowsanctuary3.blp
8067387;interface/worldmap/swampofsorrows_c60/fallowsanctuary4.blp
8067388;interface/worldmap/swampofsorrows_c60/ithariuscave1.blp
8067389;interface/worldmap/swampofsorrows_c60/mistyreedstrand1.blp
8067390;interface/worldmap/swampofsorrows_c60/mistyreedstrand2.blp
8067391;interface/worldmap/swampofsorrows_c60/mistyreedstrand3.blp
8067392;interface/worldmap/swampofsorrows_c60/mistyvalley1.blp
8067393;interface/worldmap/swampofsorrows_c60/mistyvalley2.blp
8067394;interface/worldmap/swampofsorrows_c60/pooloftears1.blp
8067395;interface/worldmap/swampofsorrows_c60/pooloftears2.blp
8067396;interface/worldmap/swampofsorrows_c60/pooloftears3.blp
8067397;interface/worldmap/swampofsorrows_c60/pooloftears4.blp
8067398;interface/worldmap/swampofsorrows_c60/sorrowmurk1.blp
8067399;interface/worldmap/swampofsorrows_c60/sorrowmurk2.blp
8067400;interface/worldmap/swampofsorrows_c60/splinterspearjunction1.blp
8067401;interface/worldmap/swampofsorrows_c60/splinterspearjunction2.blp
8067402;interface/worldmap/swampofsorrows_c60/stagalbog1.blp
8067403;interface/worldmap/swampofsorrows_c60/stagalbog2.blp
8067404;interface/worldmap/swampofsorrows_c60/stonard1.blp
8067405;interface/worldmap/swampofsorrows_c60/stonard2.blp
8067406;interface/worldmap/swampofsorrows_c60/stonard3.blp
8067407;interface/worldmap/swampofsorrows_c60/stonard4.blp
8067408;interface/worldmap/swampofsorrows_c60/swampofsorrows_c601.blp
8067409;interface/worldmap/swampofsorrows_c60/swampofsorrows_c6010.blp
8067410;interface/worldmap/swampofsorrows_c60/swampofsorrows_c6011.blp
8067411;interface/worldmap/swampofsorrows_c60/swampofsorrows_c6012.blp
8067412;interface/worldmap/swampofsorrows_c60/swampofsorrows_c602.blp
8067413;interface/worldmap/swampofsorrows_c60/swampofsorrows_c603.blp
8067414;interface/worldmap/swampofsorrows_c60/swampofsorrows_c604.blp
8067415;interface/worldmap/swampofsorrows_c60/swampofsorrows_c605.blp
8067416;interface/worldmap/swampofsorrows_c60/swampofsorrows_c606.blp
8067417;interface/worldmap/swampofsorrows_c60/swampofsorrows_c607.blp
8067418;interface/worldmap/swampofsorrows_c60/swampofsorrows_c608.blp
8067419;interface/worldmap/swampofsorrows_c60/swampofsorrows_c609.blp
8067420;interface/worldmap/swampofsorrows_c60/theharborage1.blp
8067421;interface/worldmap/swampofsorrows_c60/theshiftingmire1.blp
8067422;interface/worldmap/swampofsorrows_c60/theshiftingmire2.blp
8067557;interface/worldmap/hinterlands_c60/aeriepeak1.blp
8067558;interface/worldmap/hinterlands_c60/agolwatha1.blp
8067559;interface/worldmap/hinterlands_c60/hinterlands_c601.blp
8067560;interface/worldmap/hinterlands_c60/hinterlands_c6010.blp
8067561;interface/worldmap/hinterlands_c60/hinterlands_c6011.blp
8067562;interface/worldmap/hinterlands_c60/hinterlands_c6012.blp
8067563;interface/worldmap/hinterlands_c60/hinterlands_c602.blp
8067564;interface/worldmap/hinterlands_c60/hinterlands_c603.blp
8067565;interface/worldmap/hinterlands_c60/hinterlands_c604.blp
8067566;interface/worldmap/hinterlands_c60/hinterlands_c605.blp
8067567;interface/worldmap/hinterlands_c60/hinterlands_c606.blp
8067568;interface/worldmap/hinterlands_c60/hinterlands_c607.blp
8067569;interface/worldmap/hinterlands_c60/hinterlands_c608.blp
8067570;interface/worldmap/hinterlands_c60/hinterlands_c609.blp
8067571;interface/worldmap/hinterlands_c60/hiriwatha1.blp
8067572;interface/worldmap/hinterlands_c60/jinthaalor1.blp
8067573;interface/worldmap/hinterlands_c60/jinthaalor2.blp
8067574;interface/worldmap/hinterlands_c60/plaguemistravine1.blp
8067575;interface/worldmap/hinterlands_c60/queldanillodge1.blp
8067576;interface/worldmap/hinterlands_c60/seradane1.blp
8067577;interface/worldmap/hinterlands_c60/seradane2.blp
8067578;interface/worldmap/hinterlands_c60/seradane3.blp
8067579;interface/worldmap/hinterlands_c60/seradane4.blp
8067580;interface/worldmap/hinterlands_c60/shadraalor1.blp
8067581;interface/worldmap/hinterlands_c60/shaolwatha1.blp
8067582;interface/worldmap/hinterlands_c60/shaolwatha2.blp
8067583;interface/worldmap/hinterlands_c60/skulkrock1.blp
8067584;interface/worldmap/hinterlands_c60/thealtarofzul1.blp
8067585;interface/worldmap/hinterlands_c60/thecreepingruin1.blp
8067586;interface/worldmap/hinterlands_c60/theoverlookcliffs1.blp
8067587;interface/worldmap/hinterlands_c60/theoverlookcliffs2.blp
8067588;interface/worldmap/hinterlands_c60/valorwindlake1.blp
8067697;interface/worldmap/undercity_c60/undercity_c601.blp
8067698;interface/worldmap/undercity_c60/undercity_c6010.blp
8067699;interface/worldmap/undercity_c60/undercity_c6011.blp
8067700;interface/worldmap/undercity_c60/undercity_c6012.blp
8067701;interface/worldmap/undercity_c60/undercity_c602.blp
8067702;interface/worldmap/undercity_c60/undercity_c603.blp
8067703;interface/worldmap/undercity_c60/undercity_c604.blp
8067704;interface/worldmap/undercity_c60/undercity_c605.blp
8067705;interface/worldmap/undercity_c60/undercity_c606.blp
8067706;interface/worldmap/undercity_c60/undercity_c607.blp
8067707;interface/worldmap/undercity_c60/undercity_c608.blp
8067708;interface/worldmap/undercity_c60/undercity_c609.blp
8067724;interface/worldmap/westernplaguelands_c60/bulwark1.blp
8067725;interface/worldmap/westernplaguelands_c60/caerdarrow1.blp
8067726;interface/worldmap/westernplaguelands_c60/dalsonstears1.blp
8067727;interface/worldmap/westernplaguelands_c60/darrowmerelake1.blp
8067728;interface/worldmap/westernplaguelands_c60/darrowmerelake2.blp
8067729;interface/worldmap/westernplaguelands_c60/darrowmerelake3.blp
8067730;interface/worldmap/westernplaguelands_c60/darrowmerelake4.blp
8067731;interface/worldmap/westernplaguelands_c60/felstonefield1.blp
8067732;interface/worldmap/westernplaguelands_c60/gahrronswithering1.blp
8067733;interface/worldmap/westernplaguelands_c60/hearthglen1.blp
8067734;interface/worldmap/westernplaguelands_c60/hearthglen2.blp
8067735;interface/worldmap/westernplaguelands_c60/hearthglen3.blp
8067736;interface/worldmap/westernplaguelands_c60/hearthglen4.blp
8067737;interface/worldmap/westernplaguelands_c60/northridgelumbercamp1.blp
8067738;interface/worldmap/westernplaguelands_c60/ruinsofandorhol1.blp
8067739;interface/worldmap/westernplaguelands_c60/ruinsofandorhol2.blp
8067740;interface/worldmap/westernplaguelands_c60/sorrowhill1.blp
8067741;interface/worldmap/westernplaguelands_c60/sorrowhill2.blp
8067742;interface/worldmap/westernplaguelands_c60/theweepingcave1.blp
8067743;interface/worldmap/westernplaguelands_c60/thewrithinghaunt1.blp
8067744;interface/worldmap/westernplaguelands_c60/thondrorilriver1.blp
8067745;interface/worldmap/westernplaguelands_c60/thondrorilriver2.blp
8067746;interface/worldmap/westernplaguelands_c60/westernplaguelands_c601.blp
8067747;interface/worldmap/westernplaguelands_c60/westernplaguelands_c6010.blp
8067748;interface/worldmap/westernplaguelands_c60/westernplaguelands_c6011.blp
8067749;interface/worldmap/westernplaguelands_c60/westernplaguelands_c6012.blp
8067750;interface/worldmap/westernplaguelands_c60/westernplaguelands_c602.blp
8067751;interface/worldmap/westernplaguelands_c60/westernplaguelands_c603.blp
8067752;interface/worldmap/westernplaguelands_c60/westernplaguelands_c604.blp
8067753;interface/worldmap/westernplaguelands_c60/westernplaguelands_c605.blp
8067754;interface/worldmap/westernplaguelands_c60/westernplaguelands_c606.blp
8067755;interface/worldmap/westernplaguelands_c60/westernplaguelands_c607.blp
8067756;interface/worldmap/westernplaguelands_c60/westernplaguelands_c608.blp
8067757;interface/worldmap/westernplaguelands_c60/westernplaguelands_c609.blp
8067794;interface/worldmap/westfall_c60/alexstonfarmstead1.blp
8067795;interface/worldmap/westfall_c60/alexstonfarmstead2.blp
8067796;interface/worldmap/westfall_c60/demontsplace1.blp
8067800;interface/worldmap/westfall_c60/furlbrowspumpkinfarm1.blp
8067801;interface/worldmap/westfall_c60/goldcoastquarry1.blp
8067802;interface/worldmap/westfall_c60/jangolodemine1.blp
8067803;interface/worldmap/westfall_c60/moonbrook1.blp
8067804;interface/worldmap/westfall_c60/saldeansfarm1.blp
8067807;interface/worldmap/westfall_c60/sentinelhill1.blp
8067810;interface/worldmap/westfall_c60/thedaggerhills1.blp
8067815;interface/worldmap/westfall_c60/thedeadacre1.blp
8067816;interface/worldmap/westfall_c60/thedustplains1.blp
8067817;interface/worldmap/westfall_c60/thedustplains2.blp
8067818;interface/worldmap/westfall_c60/thejansenstead1.blp
8067819;interface/worldmap/westfall_c60/themolsenfarm1.blp
8067820;interface/worldmap/westfall_c60/westfalllighthouse1.blp
8067821;interface/worldmap/westfall_c60/westfalllighthouse2.blp
8067822;interface/worldmap/westfall_c60/westfall_c601.blp
8067823;interface/worldmap/westfall_c60/westfall_c6010.blp
8067824;interface/worldmap/westfall_c60/westfall_c6011.blp
8067825;interface/worldmap/westfall_c60/westfall_c6012.blp
8067826;interface/worldmap/westfall_c60/westfall_c602.blp
8067827;interface/worldmap/westfall_c60/westfall_c603.blp
8067828;interface/worldmap/westfall_c60/westfall_c604.blp
8067829;interface/worldmap/westfall_c60/westfall_c605.blp
8067830;interface/worldmap/westfall_c60/westfall_c606.blp
8067831;interface/worldmap/westfall_c60/westfall_c607.blp
8067832;interface/worldmap/westfall_c60/westfall_c608.blp
8067833;interface/worldmap/westfall_c60/westfall_c609.blp
8068388;interface/worldmap/wetlands_c60/angerfangencampment1.blp
8068389;interface/worldmap/wetlands_c60/blackchannelmarsh1.blp
8068390;interface/worldmap/wetlands_c60/bluegillmarsh1.blp
8068391;interface/worldmap/wetlands_c60/direforgehill1.blp
8068392;interface/worldmap/wetlands_c60/dunmodre1.blp
8068393;interface/worldmap/wetlands_c60/grimbatol1.blp
8068394;interface/worldmap/wetlands_c60/grimbatol2.blp
8068395;interface/worldmap/wetlands_c60/grimbatol3.blp
8068396;interface/worldmap/wetlands_c60/grimbatol4.blp
8068397;interface/worldmap/wetlands_c60/ironbeardstomb1.blp
8068398;interface/worldmap/wetlands_c60/menethilharbor1.blp
8068399;interface/worldmap/wetlands_c60/mosshidefen1.blp
8068400;interface/worldmap/wetlands_c60/raptorridge1.blp
8068401;interface/worldmap/wetlands_c60/saltsprayglen1.blp
8068402;interface/worldmap/wetlands_c60/sundownmarsh1.blp
8068403;interface/worldmap/wetlands_c60/sundownmarsh2.blp
8068404;interface/worldmap/wetlands_c60/thegreenbelt1.blp
8068405;interface/worldmap/wetlands_c60/thelganrock1.blp
8068406;interface/worldmap/wetlands_c60/wetlands_c601.blp
8068407;interface/worldmap/wetlands_c60/wetlands_c6010.blp
8068408;interface/worldmap/wetlands_c60/wetlands_c6011.blp
8068409;interface/worldmap/wetlands_c60/wetlands_c6012.blp
8068410;interface/worldmap/wetlands_c60/wetlands_c602.blp
8068411;interface/worldmap/wetlands_c60/wetlands_c603.blp
8068412;interface/worldmap/wetlands_c60/wetlands_c604.blp
8068413;interface/worldmap/wetlands_c60/wetlands_c605.blp
8068414;interface/worldmap/wetlands_c60/wetlands_c606.blp
8068415;interface/worldmap/wetlands_c60/wetlands_c607.blp
8068416;interface/worldmap/wetlands_c60/wetlands_c608.blp
8068417;interface/worldmap/wetlands_c60/wetlands_c609.blp
8068418;interface/worldmap/wetlands_c60/whelgarsexcavationsite1.blp
8073169;interface/worldmap/ashenvale_c60/ashenvale_c601.blp
8073170;interface/worldmap/ashenvale_c60/ashenvale_c6010.blp
8073171;interface/worldmap/ashenvale_c60/ashenvale_c6011.blp
8073172;interface/worldmap/ashenvale_c60/ashenvale_c6012.blp
8073173;interface/worldmap/ashenvale_c60/ashenvale_c602.blp
8073174;interface/worldmap/ashenvale_c60/ashenvale_c603.blp
8073175;interface/worldmap/ashenvale_c60/ashenvale_c604.blp
8073176;interface/worldmap/ashenvale_c60/ashenvale_c605.blp
8073177;interface/worldmap/ashenvale_c60/ashenvale_c606.blp
8073178;interface/worldmap/ashenvale_c60/ashenvale_c607.blp
8073179;interface/worldmap/ashenvale_c60/ashenvale_c608.blp
8073180;interface/worldmap/ashenvale_c60/ashenvale_c609.blp
8073181;interface/worldmap/ashenvale_c60/astranaar1.blp
8073182;interface/worldmap/ashenvale_c60/boughshadow1.blp
8073183;interface/worldmap/ashenvale_c60/fallenskylake1.blp
8073184;interface/worldmap/ashenvale_c60/felfirehill1.blp
8073185;interface/worldmap/ashenvale_c60/firescarshrine1.blp
8073186;interface/worldmap/ashenvale_c60/irislake1.blp
8073187;interface/worldmap/ashenvale_c60/lakefalathim1.blp
8073188;interface/worldmap/ashenvale_c60/maestraspost1.blp
8073190;interface/worldmap/ashenvale_c60/maestraspost2.blp
8073191;interface/worldmap/ashenvale_c60/mystrallake1.blp
8073192;interface/worldmap/ashenvale_c60/mystrallake2.blp
8073193;interface/worldmap/ashenvale_c60/nightrun1.blp
8073194;interface/worldmap/ashenvale_c60/raynewoodretreat1.blp
8073195;interface/worldmap/ashenvale_c60/satyrnaar1.blp
8073196;interface/worldmap/ashenvale_c60/satyrnaar2.blp
8073197;interface/worldmap/ashenvale_c60/thehowlingvale1.blp
8073198;interface/worldmap/ashenvale_c60/theruinsofstardust1.blp
8073199;interface/worldmap/ashenvale_c60/theshrineofaessina1.blp
8073200;interface/worldmap/ashenvale_c60/thezoramstrand1.blp
8073201;interface/worldmap/ashenvale_c60/thislefurvillage1.blp
8073202;interface/worldmap/ashenvale_c60/warsonglumbercamp1.blp
8073203;interface/worldmap/azshara_c60/azshara_c601.blp
8073204;interface/worldmap/azshara_c60/azshara_c6010.blp
8073205;interface/worldmap/azshara_c60/azshara_c6011.blp
8073206;interface/worldmap/azshara_c60/azshara_c6012.blp
8073207;interface/worldmap/azshara_c60/azshara_c602.blp
8073208;interface/worldmap/azshara_c60/azshara_c603.blp
8073209;interface/worldmap/azshara_c60/azshara_c604.blp
8073210;interface/worldmap/azshara_c60/azshara_c605.blp
8073211;interface/worldmap/azshara_c60/azshara_c606.blp
8073212;interface/worldmap/azshara_c60/azshara_c607.blp
8073214;interface/worldmap/azshara_c60/azshara_c608.blp
8073290;interface/worldmap/azshara_c60/azshara_c609.blp
8073311;interface/worldmap/azshara_c60/bayofstorms1.blp
8073312;interface/worldmap/azshara_c60/bayofstorms2.blp
8073313;interface/worldmap/azshara_c60/bayofstorms3.blp
8073377;interface/worldmap/azshara_c60/bayofstorms4.blp
8073442;interface/worldmap/azshara_c60/bitterreaches1.blp
8073517;interface/worldmap/azshara_c60/forlornridge1.blp
8073586;interface/worldmap/azshara_c60/haldarrencampment1.blp
8073612;interface/worldmap/azshara_c60/jaggedreef1.blp
8073613;interface/worldmap/azshara_c60/jaggedreef2.blp
8073614;interface/worldmap/azshara_c60/jaggedreef3.blp
8073615;interface/worldmap/azshara_c60/lakemennar1.blp
8073616;interface/worldmap/azshara_c60/lakemennar2.blp
8073617;interface/worldmap/azshara_c60/legashencampment1.blp
8073619;interface/worldmap/azshara_c60/ravencrestmonument1.blp
8073620;interface/worldmap/azshara_c60/ruinsofeldarath1.blp
8073621;interface/worldmap/azshara_c60/ruinsofeldarath2.blp
8073622;interface/worldmap/azshara_c60/ruinsofeldarath3.blp
8073623;interface/worldmap/azshara_c60/ruinsofeldarath4.blp
8073624;interface/worldmap/azshara_c60/shadowsongshrine1.blp
8073625;interface/worldmap/azshara_c60/southridgebeach1.blp
8073626;interface/worldmap/azshara_c60/southridgebeach2.blp
8073627;interface/worldmap/azshara_c60/templeofarkkoran1.blp
8073628;interface/worldmap/azshara_c60/thalassianbasecamp1.blp
8073629;interface/worldmap/azshara_c60/theruinedreaches1.blp
8073630;interface/worldmap/azshara_c60/theruinedreaches2.blp
8073631;interface/worldmap/azshara_c60/theshatteredstrand1.blp
8073632;interface/worldmap/azshara_c60/timbermawhold1.blp
8073633;interface/worldmap/azshara_c60/timbermawhold2.blp
8073634;interface/worldmap/azshara_c60/towerofeldara1.blp
8073635;interface/worldmap/azshara_c60/ursolan1.blp
8073636;interface/worldmap/azshara_c60/valormok1.blp
8073637;interface/worldmap/durotar_c60/drygulchravine1.blp
8073638;interface/worldmap/durotar_c60/durotar_c601.blp
8073639;interface/worldmap/durotar_c60/durotar_c6010.blp
8073686;interface/worldmap/durotar_c60/durotar_c6011.blp
8074080;interface/worldmap/durotar_c60/durotar_c6012.blp
8074081;interface/worldmap/durotar_c60/durotar_c602.blp
8074082;interface/worldmap/durotar_c60/durotar_c603.blp
8074083;interface/worldmap/durotar_c60/durotar_c604.blp
8074084;interface/worldmap/durotar_c60/durotar_c605.blp
8074085;interface/worldmap/durotar_c60/durotar_c606.blp
8074086;interface/worldmap/durotar_c60/durotar_c607.blp
8074087;interface/worldmap/durotar_c60/durotar_c608.blp
8074088;interface/worldmap/durotar_c60/durotar_c609.blp
8074089;interface/worldmap/durotar_c60/echoisles1.blp
8074090;interface/worldmap/durotar_c60/kolkarcrag1.blp
8074091;interface/worldmap/durotar_c60/orgrimmar1.blp
8074092;interface/worldmap/durotar_c60/orgrimmar2.blp
8074093;interface/worldmap/durotar_c60/razorhill1.blp
8074094;interface/worldmap/durotar_c60/razormanegrounds1.blp
8074095;interface/worldmap/durotar_c60/senjinvillage1.blp
8074096;interface/worldmap/durotar_c60/skullrock1.blp
8074097;interface/worldmap/durotar_c60/thunderridge1.blp
8074098;interface/worldmap/durotar_c60/tiragardekeep1.blp
8074099;interface/worldmap/durotar_c60/valleyoftrials1.blp
8078745;interface/worldmap/feralas_c60/campmojache1.blp
8078746;interface/worldmap/feralas_c60/diremaul1.blp
8078747;interface/worldmap/feralas_c60/feralas_c601.blp
8078748;interface/worldmap/feralas_c60/feralas_c6010.blp
8078749;interface/worldmap/feralas_c60/feralas_c6011.blp
8078750;interface/worldmap/feralas_c60/feralas_c6012.blp
8078751;interface/worldmap/feralas_c60/feralas_c602.blp
8078752;interface/worldmap/feralas_c60/feralas_c603.blp
8078753;interface/worldmap/feralas_c60/feralas_c604.blp
8078754;interface/worldmap/feralas_c60/feralas_c605.blp
8078755;interface/worldmap/feralas_c60/feralas_c606.blp
8078756;interface/worldmap/feralas_c60/feralas_c607.blp
8078757;interface/worldmap/feralas_c60/feralas_c608.blp
8078758;interface/worldmap/feralas_c60/feralas_c609.blp
8078759;interface/worldmap/feralas_c60/feralscarvale1.blp
8078760;interface/worldmap/feralas_c60/frayfeatherhighlands1.blp
8078761;interface/worldmap/feralas_c60/gordunnioutpost1.blp
8078762;interface/worldmap/feralas_c60/grimtotemcompound1.blp
8078763;interface/worldmap/feralas_c60/isleofdread1.blp
8078764;interface/worldmap/feralas_c60/isleofdread2.blp
8078765;interface/worldmap/feralas_c60/lowerwilds1.blp
8078766;interface/worldmap/feralas_c60/oneiros1.blp
8078767;interface/worldmap/feralas_c60/ruinsofisildien1.blp
8078768;interface/worldmap/feralas_c60/ruinsofravenwind1.blp
8078769;interface/worldmap/feralas_c60/sardorisle1.blp
8078770;interface/worldmap/feralas_c60/thedreambough1.blp
8078771;interface/worldmap/feralas_c60/theforgottencoast1.blp
8078772;interface/worldmap/feralas_c60/theforgottencoast2.blp
8078773;interface/worldmap/feralas_c60/thetwincolossals1.blp
8078774;interface/worldmap/feralas_c60/thetwincolossals2.blp
8078775;interface/worldmap/feralas_c60/thewrithingdeep1.blp
8085570;interface/worldmap/darkshore_c60/ametharan1.blp
8085571;interface/worldmap/darkshore_c60/auberdine1.blp
8085572;interface/worldmap/darkshore_c60/bashalaran1.blp
8085573;interface/worldmap/darkshore_c60/cliffspringriver1.blp
8085574;interface/worldmap/darkshore_c60/darkshore_c601.blp
8085575;interface/worldmap/darkshore_c60/darkshore_c6010.blp
8085576;interface/worldmap/darkshore_c60/darkshore_c6011.blp
8085577;interface/worldmap/darkshore_c60/darkshore_c6012.blp
8085578;interface/worldmap/darkshore_c60/darkshore_c602.blp
8085579;interface/worldmap/darkshore_c60/darkshore_c603.blp
8085580;interface/worldmap/darkshore_c60/darkshore_c604.blp
8085581;interface/worldmap/darkshore_c60/darkshore_c605.blp
8085582;interface/worldmap/darkshore_c60/darkshore_c606.blp
8085583;interface/worldmap/darkshore_c60/darkshore_c607.blp
8085584;interface/worldmap/darkshore_c60/darkshore_c608.blp
8085585;interface/worldmap/darkshore_c60/darkshore_c609.blp
8085586;interface/worldmap/darkshore_c60/groveoftheancients1.blp
8085587;interface/worldmap/darkshore_c60/remtravelsexcavation1.blp
8085588;interface/worldmap/darkshore_c60/ruinsofmathystra1.blp
8085589;interface/worldmap/darkshore_c60/themastersglaive1.blp
8085590;interface/worldmap/darkshore_c60/towerofalthalaxx1.blp
8085593;interface/worldmap/darnassus_c60/darnassus_c601.blp
8085594;interface/worldmap/darnassus_c60/darnassus_c6010.blp
8085595;interface/worldmap/darnassus_c60/darnassus_c6011.blp
8085596;interface/worldmap/darnassus_c60/darnassus_c6012.blp
8085597;interface/worldmap/darnassus_c60/darnassus_c602.blp
8085598;interface/worldmap/darnassus_c60/darnassus_c603.blp
8085599;interface/worldmap/darnassus_c60/darnassus_c604.blp
8085600;interface/worldmap/darnassus_c60/darnassus_c605.blp
8085601;interface/worldmap/darnassus_c60/darnassus_c606.blp
8085602;interface/worldmap/darnassus_c60/darnassus_c607.blp
8085603;interface/worldmap/darnassus_c60/darnassus_c608.blp
8085604;interface/worldmap/darnassus_c60/darnassus_c609.blp
8085988;interface/worldmap/dustwallowmarsh_c60/alcazisland1.blp
8085989;interface/worldmap/dustwallowmarsh_c60/backbaywetlands1.blp
8085990;interface/worldmap/dustwallowmarsh_c60/backbaywetlands2.blp
8085991;interface/worldmap/dustwallowmarsh_c60/brackenwallvillage1.blp
8085992;interface/worldmap/dustwallowmarsh_c60/brackenwallvillage2.blp
8085993;interface/worldmap/dustwallowmarsh_c60/brackenwallvillage3.blp
8085994;interface/worldmap/dustwallowmarsh_c60/brackenwallvillage4.blp
8085995;interface/worldmap/dustwallowmarsh_c60/dustwallowmarsh_c601.blp
8085996;interface/worldmap/dustwallowmarsh_c60/dustwallowmarsh_c6010.blp
8085997;interface/worldmap/dustwallowmarsh_c60/dustwallowmarsh_c6011.blp
8085998;interface/worldmap/dustwallowmarsh_c60/dustwallowmarsh_c6012.blp
8085999;interface/worldmap/dustwallowmarsh_c60/dustwallowmarsh_c602.blp
8086000;interface/worldmap/dustwallowmarsh_c60/dustwallowmarsh_c603.blp
8086001;interface/worldmap/dustwallowmarsh_c60/dustwallowmarsh_c604.blp
8086002;interface/worldmap/dustwallowmarsh_c60/dustwallowmarsh_c605.blp
8086003;interface/worldmap/dustwallowmarsh_c60/dustwallowmarsh_c606.blp
8086004;interface/worldmap/dustwallowmarsh_c60/dustwallowmarsh_c607.blp
8086005;interface/worldmap/dustwallowmarsh_c60/dustwallowmarsh_c608.blp
8086006;interface/worldmap/dustwallowmarsh_c60/dustwallowmarsh_c609.blp
8086007;interface/worldmap/dustwallowmarsh_c60/thedenofflame1.blp
8086008;interface/worldmap/dustwallowmarsh_c60/theramore1.blp
8086009;interface/worldmap/dustwallowmarsh_c60/thewyrmbog1.blp
8086010;interface/worldmap/dustwallowmarsh_c60/thewyrmbog2.blp
8086011;interface/worldmap/dustwallowmarsh_c60/witchhill1.blp
8086012;interface/worldmap/dustwallowmarsh_c60/witchhill2.blp
8093156;interface/worldmap/felwood_c60/bloodvenomfalls1.blp
8093157;interface/worldmap/felwood_c60/deadwoodvillage1.blp
8093158;interface/worldmap/felwood_c60/emeraldsanctuary1.blp
8093159;interface/worldmap/felwood_c60/felpawvillage1.blp
8093160;interface/worldmap/felwood_c60/felwood_c601.blp
8093161;interface/worldmap/felwood_c60/felwood_c6010.blp
8093162;interface/worldmap/felwood_c60/felwood_c6011.blp
8093163;interface/worldmap/felwood_c60/felwood_c6012.blp
8093164;interface/worldmap/felwood_c60/felwood_c602.blp
8093165;interface/worldmap/felwood_c60/felwood_c603.blp
8093166;interface/worldmap/felwood_c60/felwood_c604.blp
8093167;interface/worldmap/felwood_c60/felwood_c605.blp
8093168;interface/worldmap/felwood_c60/felwood_c606.blp
8093169;interface/worldmap/felwood_c60/felwood_c607.blp
8093170;interface/worldmap/felwood_c60/felwood_c608.blp
8093171;interface/worldmap/felwood_c60/felwood_c609.blp
8093172;interface/worldmap/felwood_c60/irontreewoods1.blp
8093173;interface/worldmap/felwood_c60/jadefireglen1.blp
8093174;interface/worldmap/felwood_c60/jadefirerun1.blp
8093175;interface/worldmap/felwood_c60/jaedenar1.blp
8093176;interface/worldmap/felwood_c60/morlosaran1.blp
8093177;interface/worldmap/felwood_c60/ruinsofconstellas1.blp
8093178;interface/worldmap/felwood_c60/shatterscarvale1.blp
8093179;interface/worldmap/felwood_c60/talonbranchglade1.blp
8093181;interface/worldmap/moonglade_c60/lakeeluneara1.blp
8093182;interface/worldmap/moonglade_c60/lakeeluneara2.blp
8093183;interface/worldmap/moonglade_c60/lakeeluneara3.blp
8093184;interface/worldmap/moonglade_c60/lakeeluneara4.blp
8093185;interface/worldmap/moonglade_c60/lakeeluneara5.blp
8093186;interface/worldmap/moonglade_c60/lakeeluneara6.blp
8093187;interface/worldmap/moonglade_c60/moonglade_c601.blp
8093188;interface/worldmap/moonglade_c60/moonglade_c6010.blp
8093189;interface/worldmap/moonglade_c60/moonglade_c6011.blp
8093190;interface/worldmap/moonglade_c60/moonglade_c6012.blp
8093191;interface/worldmap/moonglade_c60/moonglade_c602.blp
8093192;interface/worldmap/moonglade_c60/moonglade_c603.blp
8093193;interface/worldmap/moonglade_c60/moonglade_c604.blp
8093194;interface/worldmap/moonglade_c60/moonglade_c605.blp
8093195;interface/worldmap/moonglade_c60/moonglade_c606.blp
8093196;interface/worldmap/moonglade_c60/moonglade_c607.blp
8093197;interface/worldmap/moonglade_c60/moonglade_c608.blp
8093198;interface/worldmap/moonglade_c60/moonglade_c609.blp
8093509;interface/worldmap/orgrimmar_c60/orgrimmar_c601.blp
8093510;interface/worldmap/orgrimmar_c60/orgrimmar_c6010.blp
8093511;interface/worldmap/orgrimmar_c60/orgrimmar_c6011.blp
8093512;interface/worldmap/orgrimmar_c60/orgrimmar_c6012.blp
8093513;interface/worldmap/orgrimmar_c60/orgrimmar_c602.blp
8093514;interface/worldmap/orgrimmar_c60/orgrimmar_c603.blp
8093515;interface/worldmap/orgrimmar_c60/orgrimmar_c604.blp
8093516;interface/worldmap/orgrimmar_c60/orgrimmar_c605.blp
8093517;interface/worldmap/orgrimmar_c60/orgrimmar_c606.blp
8093518;interface/worldmap/orgrimmar_c60/orgrimmar_c607.blp
8093519;interface/worldmap/orgrimmar_c60/orgrimmar_c608.blp
8093520;interface/worldmap/orgrimmar_c60/orgrimmar_c609.blp
8093548;interface/worldmap/silithus_c60/hiveashi1.blp
8093549;interface/worldmap/silithus_c60/hiveashi2.blp
8093550;interface/worldmap/silithus_c60/hiveashi3.blp
8093586;interface/worldmap/silithus_c60/hiveashi4.blp
8093679;interface/worldmap/silithus_c60/hiveregal1.blp
8093771;interface/worldmap/silithus_c60/hiveregal2.blp
8093873;interface/worldmap/silithus_c60/hiveregal3.blp
8093939;interface/worldmap/silithus_c60/hiveregal4.blp
8093940;interface/worldmap/silithus_c60/hivezora1.blp
8093941;interface/worldmap/silithus_c60/hivezora2.blp
8093942;interface/worldmap/silithus_c60/hivezora3.blp
8093943;interface/worldmap/silithus_c60/hivezora4.blp
8093944;interface/worldmap/silithus_c60/silithus_c601.blp
8093945;interface/worldmap/silithus_c60/silithus_c6010.blp
8093946;interface/worldmap/silithus_c60/silithus_c6011.blp
8093947;interface/worldmap/silithus_c60/silithus_c6012.blp
8093948;interface/worldmap/silithus_c60/silithus_c602.blp
8093949;interface/worldmap/silithus_c60/silithus_c603.blp
8093950;interface/worldmap/silithus_c60/silithus_c604.blp
8093951;interface/worldmap/silithus_c60/silithus_c605.blp
8093952;interface/worldmap/silithus_c60/silithus_c606.blp
8093953;interface/worldmap/silithus_c60/silithus_c607.blp
8093954;interface/worldmap/silithus_c60/silithus_c608.blp
8093955;interface/worldmap/silithus_c60/silithus_c609.blp
8093956;interface/worldmap/silithus_c60/southwindvillage1.blp
8093957;interface/worldmap/silithus_c60/southwindvillage2.blp
8093958;interface/worldmap/silithus_c60/southwindvillage3.blp
8093959;interface/worldmap/silithus_c60/southwindvillage4.blp
8093960;interface/worldmap/silithus_c60/thecrystalvale1.blp
8093961;interface/worldmap/silithus_c60/thecrystalvale2.blp
8093962;interface/worldmap/silithus_c60/thecrystalvale3.blp
8093963;interface/worldmap/silithus_c60/thecrystalvale4.blp
8093964;interface/worldmap/silithus_c60/thescarabwall1.blp
8093965;interface/worldmap/silithus_c60/thescarabwall2.blp
8093966;interface/worldmap/silithus_c60/twilightbasecamp1.blp
8093967;interface/worldmap/silithus_c60/twilightbasecamp2.blp
8094123;interface/worldmap/stonetalonmountain_c60/boulderslideravine1.blp
8094124;interface/worldmap/stonetalonmountain_c60/campaparaje1.blp
8094125;interface/worldmap/stonetalonmountain_c60/grimtotempost1.blp
8094126;interface/worldmap/stonetalonmountain_c60/malakajin1.blp
8094127;interface/worldmap/stonetalonmountain_c60/mirkfallonlake1.blp
8094128;interface/worldmap/stonetalonmountain_c60/sishircanyon1.blp
8094129;interface/worldmap/stonetalonmountain_c60/stonetalonmountain_c601.blp
8094130;interface/worldmap/stonetalonmountain_c60/stonetalonmountain_c6010.blp
8094131;interface/worldmap/stonetalonmountain_c60/stonetalonmountain_c6011.blp
8094132;interface/worldmap/stonetalonmountain_c60/stonetalonmountain_c6012.blp
8094133;interface/worldmap/stonetalonmountain_c60/stonetalonmountain_c602.blp
8094134;interface/worldmap/stonetalonmountain_c60/stonetalonmountain_c603.blp
8094135;interface/worldmap/stonetalonmountain_c60/stonetalonmountain_c604.blp
8094136;interface/worldmap/stonetalonmountain_c60/stonetalonmountain_c605.blp
8094137;interface/worldmap/stonetalonmountain_c60/stonetalonmountain_c606.blp
8094138;interface/worldmap/stonetalonmountain_c60/stonetalonmountain_c607.blp
8094139;interface/worldmap/stonetalonmountain_c60/stonetalonmountain_c608.blp
8094140;interface/worldmap/stonetalonmountain_c60/stonetalonmountain_c609.blp
8094141;interface/worldmap/stonetalonmountain_c60/stonetalonpeak1.blp
8094142;interface/worldmap/stonetalonmountain_c60/stonetalonpeak2.blp
8094143;interface/worldmap/stonetalonmountain_c60/sunrockretreat1.blp
8094144;interface/worldmap/stonetalonmountain_c60/thecharredvale1.blp
8094145;interface/worldmap/stonetalonmountain_c60/thecharredvale2.blp
8094146;interface/worldmap/stonetalonmountain_c60/webwinderpath1.blp
8094147;interface/worldmap/stonetalonmountain_c60/webwinderpath2.blp
8094148;interface/worldmap/stonetalonmountain_c60/webwinderpath3.blp
8094149;interface/worldmap/stonetalonmountain_c60/webwinderpath4.blp
8094150;interface/worldmap/stonetalonmountain_c60/windshearcrag1.blp
8094151;interface/worldmap/stonetalonmountain_c60/windshearcrag2.blp
8094152;interface/worldmap/stonetalonmountain_c60/windshearcrag3.blp
8094153;interface/worldmap/stonetalonmountain_c60/windshearcrag4.blp
8095031;interface/worldmap/tanaris_c60/abyssalsands1.blp
8095032;interface/worldmap/tanaris_c60/brokenpillar1.blp
8095033;interface/worldmap/tanaris_c60/cavernsoftime1.blp
8095034;interface/worldmap/tanaris_c60/dunemaulcompound1.blp
8095035;interface/worldmap/tanaris_c60/eastmoonruins1.blp
8095036;interface/worldmap/tanaris_c60/gadgetzan1.blp
8095037;interface/worldmap/tanaris_c60/landsendbeach1.blp
8095038;interface/worldmap/tanaris_c60/lostriggercove1.blp
8095039;interface/worldmap/tanaris_c60/noonshaderuins1.blp
8095040;interface/worldmap/tanaris_c60/sandsorrowwatch1.blp
8095041;interface/worldmap/tanaris_c60/southbreakshore1.blp
8095042;interface/worldmap/tanaris_c60/southmoonruins1.blp
8095043;interface/worldmap/tanaris_c60/steamwheedleport1.blp
8095044;interface/worldmap/tanaris_c60/tanaris_c601.blp
8095045;interface/worldmap/tanaris_c60/tanaris_c6010.blp
8095046;interface/worldmap/tanaris_c60/tanaris_c6011.blp
8095047;interface/worldmap/tanaris_c60/tanaris_c6012.blp
8095048;interface/worldmap/tanaris_c60/tanaris_c602.blp
8095049;interface/worldmap/tanaris_c60/tanaris_c603.blp
8095050;interface/worldmap/tanaris_c60/tanaris_c604.blp
8095051;interface/worldmap/tanaris_c60/tanaris_c605.blp
8095052;interface/worldmap/tanaris_c60/tanaris_c606.blp
8095053;interface/worldmap/tanaris_c60/tanaris_c607.blp
8095054;interface/worldmap/tanaris_c60/tanaris_c608.blp
8095055;interface/worldmap/tanaris_c60/tanaris_c609.blp
8095056;interface/worldmap/tanaris_c60/thegapingchasm1.blp
8095057;interface/worldmap/tanaris_c60/thenoxiouslair1.blp
8095058;interface/worldmap/tanaris_c60/thistleshrubvalley1.blp
8095059;interface/worldmap/tanaris_c60/valleyofthewatchers1.blp
8095060;interface/worldmap/tanaris_c60/waterspringfield1.blp
8095061;interface/worldmap/tanaris_c60/zalashjisden1.blp
8095062;interface/worldmap/tanaris_c60/zulfarrak1.blp
8095477;interface/worldmap/teldrassil_c60/banethilhollow1.blp
8095478;interface/worldmap/teldrassil_c60/darnassus1.blp
8095479;interface/worldmap/teldrassil_c60/darnassus2.blp
8095480;interface/worldmap/teldrassil_c60/dolanaar1.blp
8095481;interface/worldmap/teldrassil_c60/gnarlpinehold1.blp
8095482;interface/worldmap/teldrassil_c60/lakealameth1.blp
8095483;interface/worldmap/teldrassil_c60/poolsofarlithrien1.blp
8095484;interface/worldmap/teldrassil_c60/ruttheranvillage1.blp
8095485;interface/worldmap/teldrassil_c60/shadowglen1.blp
8095486;interface/worldmap/teldrassil_c60/starbreezevillage1.blp
8095487;interface/worldmap/teldrassil_c60/teldrassil_c601.blp
8095488;interface/worldmap/teldrassil_c60/teldrassil_c6010.blp
8095490;interface/worldmap/teldrassil_c60/teldrassil_c6011.blp
8095491;interface/worldmap/teldrassil_c60/teldrassil_c6012.blp
8095492;interface/worldmap/teldrassil_c60/teldrassil_c602.blp
8095493;interface/worldmap/teldrassil_c60/teldrassil_c603.blp
8095494;interface/worldmap/teldrassil_c60/teldrassil_c604.blp
8095495;interface/worldmap/teldrassil_c60/teldrassil_c605.blp
8095496;interface/worldmap/teldrassil_c60/teldrassil_c606.blp
8095497;interface/worldmap/teldrassil_c60/teldrassil_c607.blp
8095498;interface/worldmap/teldrassil_c60/teldrassil_c608.blp
8095499;interface/worldmap/teldrassil_c60/teldrassil_c609.blp
8095500;interface/worldmap/teldrassil_c60/theoracleglade1.blp
8095501;interface/worldmap/teldrassil_c60/wellspringlake1.blp
8095985;interface/worldmap/barrens_c60/agamagor1.blp
8095986;interface/worldmap/barrens_c60/baelmodan1.blp
8095987;interface/worldmap/barrens_c60/barrens_c601.blp
8095988;interface/worldmap/barrens_c60/barrens_c6010.blp
8095989;interface/worldmap/barrens_c60/barrens_c6011.blp
8095990;interface/worldmap/barrens_c60/barrens_c6012.blp
8095991;interface/worldmap/barrens_c60/barrens_c602.blp
8095992;interface/worldmap/barrens_c60/barrens_c603.blp
8095993;interface/worldmap/barrens_c60/barrens_c604.blp
8095994;interface/worldmap/barrens_c60/barrens_c605.blp
8095995;interface/worldmap/barrens_c60/barrens_c606.blp
8095996;interface/worldmap/barrens_c60/barrens_c607.blp
8095997;interface/worldmap/barrens_c60/barrens_c608.blp
8095998;interface/worldmap/barrens_c60/barrens_c609.blp
8095999;interface/worldmap/barrens_c60/blackthornridge1.blp
8096000;interface/worldmap/barrens_c60/boulderlodemine1.blp
8096001;interface/worldmap/barrens_c60/bramblescar1.blp
8096002;interface/worldmap/barrens_c60/camptaurajo1.blp
8096003;interface/worldmap/barrens_c60/deadmistpeak1.blp
8096004;interface/worldmap/barrens_c60/farwatchpost1.blp
8096005;interface/worldmap/barrens_c60/fieldofgiants1.blp
8096006;interface/worldmap/barrens_c60/groldomfarm1.blp
8096007;interface/worldmap/barrens_c60/honorsstand1.blp
8096008;interface/worldmap/barrens_c60/lushwateroasis1.blp
8096009;interface/worldmap/barrens_c60/northwatchhold1.blp
8096010;interface/worldmap/barrens_c60/raptorgrounds1.blp
8096011;interface/worldmap/barrens_c60/ratchet1.blp
8096012;interface/worldmap/barrens_c60/razorfendowns1.blp
8096013;interface/worldmap/barrens_c60/razorfenkraul1.blp
8096014;interface/worldmap/barrens_c60/stagnantoasis1.blp
8096015;interface/worldmap/barrens_c60/thecrossroads1.blp
8096016;interface/worldmap/barrens_c60/thedryhills1.blp
8096017;interface/worldmap/barrens_c60/theforgottenpools1.blp
8096018;interface/worldmap/barrens_c60/themerchantcoast1.blp
8096019;interface/worldmap/barrens_c60/themorshan1.blp
8096020;interface/worldmap/barrens_c60/thesludgefen1.blp
8096021;interface/worldmap/barrens_c60/thornhill1.blp
8096360;interface/worldmap/thousandneedles_c60/campethok1.blp
8096361;interface/worldmap/thousandneedles_c60/campethok2.blp
8096362;interface/worldmap/thousandneedles_c60/campethok3.blp
8096363;interface/worldmap/thousandneedles_c60/campethok4.blp
8096364;interface/worldmap/thousandneedles_c60/darkcloudpinnacle1.blp
8096365;interface/worldmap/thousandneedles_c60/freewindpost1.blp
8096366;interface/worldmap/thousandneedles_c60/highperch1.blp
8096367;interface/worldmap/thousandneedles_c60/splithoofcrag1.blp
8096368;interface/worldmap/thousandneedles_c60/thegreatlift1.blp
8096369;interface/worldmap/thousandneedles_c60/thescreechingcanyon1.blp
8096370;interface/worldmap/thousandneedles_c60/theshimmeringflats1.blp
8096371;interface/worldmap/thousandneedles_c60/theshimmeringflats2.blp
8096372;interface/worldmap/thousandneedles_c60/theshimmeringflats3.blp
8096373;interface/worldmap/thousandneedles_c60/theshimmeringflats4.blp
8096374;interface/worldmap/thousandneedles_c60/thousandneedles_c601.blp
8096375;interface/worldmap/thousandneedles_c60/thousandneedles_c6010.blp
8096376;interface/worldmap/thousandneedles_c60/thousandneedles_c6011.blp
8096377;interface/worldmap/thousandneedles_c60/thousandneedles_c6012.blp
8096378;interface/worldmap/thousandneedles_c60/thousandneedles_c602.blp
8096379;interface/worldmap/thousandneedles_c60/thousandneedles_c603.blp
8096380;interface/worldmap/thousandneedles_c60/thousandneedles_c604.blp
8096381;interface/worldmap/thousandneedles_c60/thousandneedles_c605.blp
8096382;interface/worldmap/thousandneedles_c60/thousandneedles_c606.blp
8096383;interface/worldmap/thousandneedles_c60/thousandneedles_c607.blp
8096384;interface/worldmap/thousandneedles_c60/thousandneedles_c608.blp
8096385;interface/worldmap/thousandneedles_c60/thousandneedles_c609.blp
8096386;interface/worldmap/thousandneedles_c60/windbreakcanyon1.blp
8096388;interface/worldmap/thunderbluff_c60/thunderbluff_c601.blp
8096389;interface/worldmap/thunderbluff_c60/thunderbluff_c6010.blp
8096390;interface/worldmap/thunderbluff_c60/thunderbluff_c6011.blp
8096391;interface/worldmap/thunderbluff_c60/thunderbluff_c6012.blp
8096392;interface/worldmap/thunderbluff_c60/thunderbluff_c602.blp
8096393;interface/worldmap/thunderbluff_c60/thunderbluff_c603.blp
8096394;interface/worldmap/thunderbluff_c60/thunderbluff_c604.blp
8096395;interface/worldmap/thunderbluff_c60/thunderbluff_c605.blp
8096396;interface/worldmap/thunderbluff_c60/thunderbluff_c606.blp
8096397;interface/worldmap/thunderbluff_c60/thunderbluff_c607.blp
8096398;interface/worldmap/thunderbluff_c60/thunderbluff_c608.blp
8096399;interface/worldmap/thunderbluff_c60/thunderbluff_c609.blp
8097029;interface/worldmap/ungorocrater_c60/fireplumeridge1.blp
8097030;interface/worldmap/ungorocrater_c60/fireplumeridge2.blp
8097031;interface/worldmap/ungorocrater_c60/fireplumeridge3.blp
8097032;interface/worldmap/ungorocrater_c60/fireplumeridge4.blp
8097033;interface/worldmap/ungorocrater_c60/golakkahotsprings1.blp
8097034;interface/worldmap/ungorocrater_c60/golakkahotsprings2.blp
8097035;interface/worldmap/ungorocrater_c60/golakkahotsprings3.blp
8097036;interface/worldmap/ungorocrater_c60/golakkahotsprings4.blp
8097037;interface/worldmap/ungorocrater_c60/ironstoneplateau1.blp
8097038;interface/worldmap/ungorocrater_c60/ironstoneplateau2.blp
8097039;interface/worldmap/ungorocrater_c60/ironstoneplateau3.blp
8097040;interface/worldmap/ungorocrater_c60/ironstoneplateau4.blp
8097041;interface/worldmap/ungorocrater_c60/lakkaritarpits1.blp
8097042;interface/worldmap/ungorocrater_c60/lakkaritarpits2.blp
8097043;interface/worldmap/ungorocrater_c60/lakkaritarpits3.blp
8097044;interface/worldmap/ungorocrater_c60/lakkaritarpits4.blp
8097045;interface/worldmap/ungorocrater_c60/lakkaritarpits5.blp
8097046;interface/worldmap/ungorocrater_c60/lakkaritarpits6.blp
8097047;interface/worldmap/ungorocrater_c60/terrorrun1.blp
8097048;interface/worldmap/ungorocrater_c60/terrorrun2.blp
8097049;interface/worldmap/ungorocrater_c60/terrorrun3.blp
8097050;interface/worldmap/ungorocrater_c60/terrorrun4.blp
8097051;interface/worldmap/ungorocrater_c60/themarshlands1.blp
8097052;interface/worldmap/ungorocrater_c60/themarshlands2.blp
8097053;interface/worldmap/ungorocrater_c60/themarshlands3.blp
8097054;interface/worldmap/ungorocrater_c60/themarshlands4.blp
8097055;interface/worldmap/ungorocrater_c60/theslitheringscar1.blp
8097056;interface/worldmap/ungorocrater_c60/theslitheringscar2.blp
8097057;interface/worldmap/ungorocrater_c60/theslitheringscar3.blp
8097058;interface/worldmap/ungorocrater_c60/theslitheringscar4.blp
8097059;interface/worldmap/ungorocrater_c60/ungorocrater_c601.blp
8097060;interface/worldmap/ungorocrater_c60/ungorocrater_c6010.blp
8097061;interface/worldmap/ungorocrater_c60/ungorocrater_c6011.blp
8097062;interface/worldmap/ungorocrater_c60/ungorocrater_c6012.blp
8097063;interface/worldmap/ungorocrater_c60/ungorocrater_c602.blp
8097064;interface/worldmap/ungorocrater_c60/ungorocrater_c603.blp
8097065;interface/worldmap/ungorocrater_c60/ungorocrater_c604.blp
8097066;interface/worldmap/ungorocrater_c60/ungorocrater_c605.blp
8097067;interface/worldmap/ungorocrater_c60/ungorocrater_c606.blp
8097068;interface/worldmap/ungorocrater_c60/ungorocrater_c607.blp
8097069;interface/worldmap/ungorocrater_c60/ungorocrater_c608.blp
8097070;interface/worldmap/ungorocrater_c60/ungorocrater_c609.blp
8097071;interface/worldmap/winterspring_c60/darkwhispergorge1.blp
8097072;interface/worldmap/winterspring_c60/everlook1.blp
8097073;interface/worldmap/winterspring_c60/frostfirehotsprings1.blp
8097074;interface/worldmap/winterspring_c60/frostsaberrock1.blp
8097075;interface/worldmap/winterspring_c60/frostwhisperravine1.blp
8097076;interface/worldmap/winterspring_c60/icethistlehills1.blp
8097077;interface/worldmap/winterspring_c60/lakekeltheril1.blp
8097078;interface/worldmap/winterspring_c60/mazthoril1.blp
8097079;interface/worldmap/winterspring_c60/owlwingthicket1.blp
8097080;interface/worldmap/winterspring_c60/starfallvillage1.blp
8097081;interface/worldmap/winterspring_c60/thehiddengrove1.blp
8097082;interface/worldmap/winterspring_c60/timbermawpost1.blp
8097083;interface/worldmap/winterspring_c60/winterfallvillage1.blp
8097084;interface/worldmap/winterspring_c60/winterspring_c601.blp
8097085;interface/worldmap/winterspring_c60/winterspring_c6010.blp
8097086;interface/worldmap/winterspring_c60/winterspring_c6011.blp
8097087;interface/worldmap/winterspring_c60/winterspring_c6012.blp
8097088;interface/worldmap/winterspring_c60/winterspring_c602.blp
8097089;interface/worldmap/winterspring_c60/winterspring_c603.blp
8097090;interface/worldmap/winterspring_c60/winterspring_c604.blp
8097091;interface/worldmap/winterspring_c60/winterspring_c605.blp
8097092;interface/worldmap/winterspring_c60/winterspring_c606.blp
8097093;interface/worldmap/winterspring_c60/winterspring_c607.blp
8097094;interface/worldmap/winterspring_c60/winterspring_c608.blp
8097095;interface/worldmap/winterspring_c60/winterspring_c609.blp
8097579;interface/worldmap/arathibasin_c60/arathibasin_c601.blp
8097580;interface/worldmap/arathibasin_c60/arathibasin_c6010.blp
8097581;interface/worldmap/arathibasin_c60/arathibasin_c6011.blp
8097582;interface/worldmap/arathibasin_c60/arathibasin_c6012.blp
8097583;interface/worldmap/arathibasin_c60/arathibasin_c602.blp
8097584;interface/worldmap/arathibasin_c60/arathibasin_c603.blp
8097585;interface/worldmap/arathibasin_c60/arathibasin_c604.blp
8097586;interface/worldmap/arathibasin_c60/arathibasin_c605.blp
8097587;interface/worldmap/arathibasin_c60/arathibasin_c606.blp
8097588;interface/worldmap/arathibasin_c60/arathibasin_c607.blp
8097589;interface/worldmap/arathibasin_c60/arathibasin_c608.blp
8097590;interface/worldmap/arathibasin_c60/arathibasin_c609.blp
8097602;interface/worldmap/warsonggulch_c60/warsonggulch_c601.blp
8097603;interface/worldmap/warsonggulch_c60/warsonggulch_c6010.blp
8097604;interface/worldmap/warsonggulch_c60/warsonggulch_c6011.blp
8097605;interface/worldmap/warsonggulch_c60/warsonggulch_c6012.blp
8097606;interface/worldmap/warsonggulch_c60/warsonggulch_c602.blp
8097607;interface/worldmap/warsonggulch_c60/warsonggulch_c603.blp
8097608;interface/worldmap/warsonggulch_c60/warsonggulch_c604.blp
8097609;interface/worldmap/warsonggulch_c60/warsonggulch_c605.blp
8097610;interface/worldmap/warsonggulch_c60/warsonggulch_c606.blp
8097611;interface/worldmap/warsonggulch_c60/warsonggulch_c607.blp
8097612;interface/worldmap/warsonggulch_c60/warsonggulch_c608.blp
8097613;interface/worldmap/warsonggulch_c60/warsonggulch_c609.blp
8124653;interface/worldmap/zephrasisle/eastpylonwatchtower1.blp
8124654;interface/worldmap/zephrasisle/fairweatherstables1.blp
8124655;interface/worldmap/zephrasisle/falaathvillage1.blp
8124656;interface/worldmap/zephrasisle/overlookstandingstones1.blp
8124657;interface/worldmap/zephrasisle/rohashispires1.blp
8124658;interface/worldmap/zephrasisle/ruinsofbanaethal1.blp
8124659;interface/worldmap/zephrasisle/ruinsofbanaethal2.blp
8124660;interface/worldmap/zephrasisle/shadowgaleforest1.blp
8124661;interface/worldmap/zephrasisle/shadowgaleforest2.blp
8124662;interface/worldmap/zephrasisle/shendarvillage1.blp
8124663;interface/worldmap/zephrasisle/shendarvillage2.blp
8124664;interface/worldmap/zephrasisle/shendarvillage3.blp
8124665;interface/worldmap/zephrasisle/shendarvillage4.blp
8124666;interface/worldmap/zephrasisle/shrineofakir1.blp
8124667;
8124668;
8124669;
8124670;
8124671;interface/worldmap/zephrasisle/valanaar1.blp
8124672;interface/worldmap/zephrasisle/valanaar2.blp
8124673;interface/worldmap/zephrasisle/valanaar3.blp
8124674;interface/worldmap/zephrasisle/valanaar4.blp
8124675;interface/worldmap/zephrasisle/westpylonwatchtower1.blp
8124676;interface/worldmap/zephrasisle/windfieldorchard1.blp
8124677;interface/worldmap/zephrasisle/windfieldorchard2.blp
8124678;interface/worldmap/zephrasisle/windsonglake1.blp
8124679;interface/worldmap/zephrasisle/windsongstandingstones1.blp
